Код фильма,Название фильма,Рейтинг эмоции,Эмоция,Жанр,Рейтинг фильма
16,Планета Ка-Пэкс,7.2,Странный,Драма,7.4
16,Планета Ка-Пэкс,7.2,Странный,Фантастика,7.4
16,Планета Ка-Пэкс,6.6,Волнительный,Драма,7.4
16,Планета Ка-Пэкс,6.6,Волнительный,Фантастика,7.4
16,Планета Ка-Пэкс,6.4,Добрый,Драма,7.4
16,Планета Ка-Пэкс,6.4,Добрый,Фантастика,7.4
20,Искусственный разум,7.9,Умный,Драма,7.2
20,Искусственный разум,7.9,Умный,Приключения,7.2
20,Искусственный разум,7.9,Умный,Фантастика,7.2
20,Искусственный разум,6.8,Трогательный,Драма,7.2
20,Искусственный разум,6.8,Трогательный,Приключения,7.2
20,Искусственный разум,6.8,Трогательный,Фантастика,7.2
20,Искусственный разум,6.6,Вдохновляющий,Драма,7.2
20,Искусственный разум,6.6,Вдохновляющий,Приключения,7.2
20,Искусственный разум,6.6,Вдохновляющий,Фантастика,7.2
36,"Этот безумный, безумный, безумный, безумный мир",7.4,Атмосферный,Комедия,7.5
36,"Этот безумный, безумный, безумный, безумный мир",7.4,Атмосферный,Боевик,7.5
36,"Этот безумный, безумный, безумный, безумный мир",7.4,Атмосферный,Криминал,7.5
36,"Этот безумный, безумный, безумный, безумный мир",7.4,Атмосферный,Приключения,7.5
36,"Этот безумный, безумный, безумный, безумный мир",6.3,Вдохновляющий,Комедия,7.5
36,"Этот безумный, безумный, безумный, безумный мир",6.3,Вдохновляющий,Боевик,7.5
36,"Этот безумный, безумный, безумный, безумный мир",6.3,Вдохновляющий,Криминал,7.5
36,"Этот безумный, безумный, безумный, безумный мир",6.3,Вдохновляющий,Приключения,7.5
36,"Этот безумный, безумный, безумный, безумный мир",6.0,Смешной,Комедия,7.5
36,"Этот безумный, безумный, безумный, безумный мир",6.0,Смешной,Боевик,7.5
36,"Этот безумный, безумный, безумный, безумный мир",6.0,Смешной,Криминал,7.5
36,"Этот безумный, безумный, безумный, безумный мир",6.0,Смешной,Приключения,7.5
38,В поисках галактики,6.7,Добрый,Комедия,7.3
38,В поисках галактики,6.7,Добрый,Семейный,7.3
38,В поисках галактики,6.7,Добрый,Приключения,7.3
38,В поисках галактики,6.7,Добрый,Фантастика,7.3
38,В поисках галактики,6.0,Глупый,Комедия,7.3
38,В поисках галактики,6.0,Глупый,Семейный,7.3
38,В поисках галактики,6.0,Глупый,Приключения,7.3
38,В поисках галактики,6.0,Глупый,Фантастика,7.3
38,В поисках галактики,5.4,Странный,Комедия,7.3
38,В поисках галактики,5.4,Странный,Семейный,7.3
38,В поисках галактики,5.4,Странный,Приключения,7.3
38,В поисках галактики,5.4,Странный,Фантастика,7.3
41,Общество мёртвых поэтов,7.4,Умный,Драма,8.1
41,Общество мёртвых поэтов,6.6,Атмосферный,Драма,8.1
41,Общество мёртвых поэтов,6.3,Вдохновляющий,Драма,8.1
42,8 с половиной,7.5,Умный,Драма,8.0
42,8 с половиной,7.5,Умный,Фэнтези,8.0
42,8 с половиной,6.5,Волнительный,Драма,8.0
42,8 с половиной,6.5,Волнительный,Фэнтези,8.0
42,8 с половиной,6.3,Атмосферный,Драма,8.0
42,8 с половиной,6.3,Атмосферный,Фэнтези,8.0
45,Назад в будущее III,8.5,Добрый,Комедия,7.4
45,Назад в будущее III,8.5,Добрый,Приключения,7.4
45,Назад в будущее III,8.5,Добрый,Фантастика,7.4
45,Назад в будущее III,6.3,Волнительный,Комедия,7.4
45,Назад в будущее III,6.3,Волнительный,Приключения,7.4
45,Назад в будущее III,6.3,Волнительный,Фантастика,7.4
45,Назад в будущее III,5.6,Вдохновляющий,Комедия,7.4
45,Назад в будущее III,5.6,Вдохновляющий,Приключения,7.4
45,Назад в будущее III,5.6,Вдохновляющий,Фантастика,7.4
49,Bicentennial Man,7.7,Трогательный,Драма,6.9
49,Bicentennial Man,7.7,Трогательный,Комедия,6.9
49,Bicentennial Man,7.7,Трогательный,Фантастика,6.9
49,Bicentennial Man,7.5,Добрый,Драма,6.9
49,Bicentennial Man,7.5,Добрый,Комедия,6.9
49,Bicentennial Man,7.5,Добрый,Фантастика,6.9
49,Bicentennial Man,6.4,Умный,Драма,6.9
49,Bicentennial Man,6.4,Умный,Комедия,6.9
49,Bicentennial Man,6.4,Умный,Фантастика,6.9
52,Таймлесс 3: Изумрудная книга,7.8,Романтичный,Фэнтези,6.0
52,Таймлесс 3: Изумрудная книга,7.3,Добрый,Фэнтези,6.0
52,Таймлесс 3: Изумрудная книга,5.3,Трогательный,Фэнтези,6.0
63,Корпорация «Еда»,5.8,Странный,Документальный,7.8
63,Корпорация «Еда»,5.6,Вдохновляющий,Документальный,7.8
63,Корпорация «Еда»,5.4,Смешной,Документальный,7.8
73,Человек-муравей и Оса,6.5,Волнительный,Боевик,7.0
73,Человек-муравей и Оса,6.5,Волнительный,Приключения,7.0
73,Человек-муравей и Оса,6.5,Волнительный,Фантастика,7.0
73,Человек-муравей и Оса,5.7,Атмосферный,Боевик,7.0
73,Человек-муравей и Оса,5.7,Атмосферный,Приключения,7.0
73,Человек-муравей и Оса,5.7,Атмосферный,Фантастика,7.0
73,Человек-муравей и Оса,5.5,Добрый,Боевик,7.0
73,Человек-муравей и Оса,5.5,Добрый,Приключения,7.0
73,Человек-муравей и Оса,5.5,Добрый,Фантастика,7.0
74,Настоящие гении,6.4,Вдохновляющий,Комедия,7.0
74,Настоящие гении,6.4,Вдохновляющий,Мелодрама,7.0
74,Настоящие гении,6.4,Вдохновляющий,Фантастика,7.0
74,Настоящие гении,6.1,Волнительный,Комедия,7.0
74,Настоящие гении,6.1,Волнительный,Мелодрама,7.0
74,Настоящие гении,6.1,Волнительный,Фантастика,7.0
74,Настоящие гении,5.7,Трогательный,Комедия,7.0
74,Настоящие гении,5.7,Трогательный,Мелодрама,7.0
74,Настоящие гении,5.7,Трогательный,Фантастика,7.0
76,Зеркало,7.7,Трогательный,Драма,8.1
76,Зеркало,7.7,Трогательный,История,8.1
76,Зеркало,6.9,Волнительный,Драма,8.1
76,Зеркало,6.9,Волнительный,История,8.1
76,Зеркало,5.4,Добрый,Драма,8.1
76,Зеркало,5.4,Добрый,История,8.1
77,Крупная рыба,6.8,Трогательный,Драма,8.0
77,Крупная рыба,6.8,Трогательный,Приключения,8.0
77,Крупная рыба,6.8,Трогательный,Фэнтези,8.0
77,Крупная рыба,6.3,Добрый,Драма,8.0
77,Крупная рыба,6.3,Добрый,Приключения,8.0
77,Крупная рыба,6.3,Добрый,Фэнтези,8.0
77,Крупная рыба,5.5,Вдохновляющий,Драма,8.0
77,Крупная рыба,5.5,Вдохновляющий,Приключения,8.0
77,Крупная рыба,5.5,Вдохновляющий,Фэнтези,8.0
78,"Я, Дэниел Блэйк",6.9,Добрый,Драма,7.9
78,"Я, Дэниел Блэйк",6.2,Трогательный,Драма,7.9
78,"Я, Дэниел Блэйк",5.5,Вдохновляющий,Драма,7.9
83,"Ревущие двадцатые, или Судьба солдата в Америке",6.7,Волнительный,Драма,7.9
83,"Ревущие двадцатые, или Судьба солдата в Америке",6.7,Волнительный,Триллер,7.9
83,"Ревущие двадцатые, или Судьба солдата в Америке",6.7,Волнительный,Криминал,7.9
83,"Ревущие двадцатые, или Судьба солдата в Америке",6.1,Трогательный,Драма,7.9
83,"Ревущие двадцатые, или Судьба солдата в Америке",6.1,Трогательный,Триллер,7.9
83,"Ревущие двадцатые, или Судьба солдата в Америке",6.1,Трогательный,Криминал,7.9
83,"Ревущие двадцатые, или Судьба солдата в Америке",6.0,Романтичный,Драма,7.9
83,"Ревущие двадцатые, или Судьба солдата в Америке",6.0,Романтичный,Триллер,7.9
83,"Ревущие двадцатые, или Судьба солдата в Америке",6.0,Романтичный,Криминал,7.9
89,Человек-муравей,7.2,Атмосферный,Боевик,7.3
89,Человек-муравей,7.2,Атмосферный,Приключения,7.3
89,Человек-муравей,7.2,Атмосферный,Фантастика,7.3
89,Человек-муравей,5.5,Волнительный,Боевик,7.3
89,Человек-муравей,5.5,Волнительный,Приключения,7.3
89,Человек-муравей,5.5,Волнительный,Фантастика,7.3
89,Человек-муравей,5.0,Смешной,Боевик,7.3
89,Человек-муравей,5.0,Смешной,Приключения,7.3
89,Человек-муравей,5.0,Смешной,Фантастика,7.3
103,День сурка,8.5,Романтичный,Драма,8.0
103,День сурка,8.5,Романтичный,Комедия,8.0
103,День сурка,8.5,Романтичный,Мелодрама,8.0
103,День сурка,8.5,Романтичный,Фэнтези,8.0
103,День сурка,8.2,Добрый,Драма,8.0
103,День сурка,8.2,Добрый,Комедия,8.0
103,День сурка,8.2,Добрый,Мелодрама,8.0
103,День сурка,8.2,Добрый,Фэнтези,8.0
103,День сурка,7.2,Смешной,Драма,8.0
103,День сурка,7.2,Смешной,Комедия,8.0
103,День сурка,7.2,Смешной,Мелодрама,8.0
103,День сурка,7.2,Смешной,Фэнтези,8.0
104,Пираты Карибского моря: На краю света,8.6,Атмосферный,Боевик,7.1
104,Пираты Карибского моря: На краю света,8.6,Атмосферный,Приключения,7.1
104,Пираты Карибского моря: На краю света,8.6,Атмосферный,Фэнтези,7.1
104,Пираты Карибского моря: На краю света,7.5,Смешной,Боевик,7.1
104,Пираты Карибского моря: На краю света,7.5,Смешной,Приключения,7.1
104,Пираты Карибского моря: На краю света,7.5,Смешной,Фэнтези,7.1
104,Пираты Карибского моря: На краю света,6.8,Волнительный,Боевик,7.1
104,Пираты Карибского моря: На краю света,6.8,Волнительный,Приключения,7.1
104,Пираты Карибского моря: На краю света,6.8,Волнительный,Фэнтези,7.1
105,Индиана Джонс: В поисках утраченного ковчега,7.3,Атмосферный,Боевик,8.4
105,Индиана Джонс: В поисках утраченного ковчега,7.3,Атмосферный,Приключения,8.4
105,Индиана Джонс: В поисках утраченного ковчега,6.9,Добрый,Боевик,8.4
105,Индиана Джонс: В поисках утраченного ковчега,6.9,Добрый,Приключения,8.4
105,Индиана Джонс: В поисках утраченного ковчега,6.8,Вдохновляющий,Боевик,8.4
105,Индиана Джонс: В поисках утраченного ковчега,6.8,Вдохновляющий,Приключения,8.4
109,Назад в будущее,8.7,Добрый,Комедия,8.5
109,Назад в будущее,8.7,Добрый,Семейный,8.5
109,Назад в будущее,8.7,Добрый,Приключения,8.5
109,Назад в будущее,8.7,Добрый,Фантастика,8.5
109,Назад в будущее,6.8,Смешной,Комедия,8.5
109,Назад в будущее,6.8,Смешной,Семейный,8.5
109,Назад в будущее,6.8,Смешной,Приключения,8.5
109,Назад в будущее,6.8,Смешной,Фантастика,8.5
109,Назад в будущее,6.4,Умный,Комедия,8.5
109,Назад в будущее,6.4,Умный,Семейный,8.5
109,Назад в будущее,6.4,Умный,Приключения,8.5
109,Назад в будущее,6.4,Умный,Фантастика,8.5
110,Мальчик в полосатой пижаме,8.8,Грустный,Драма,7.8
110,Мальчик в полосатой пижаме,8.8,Грустный,Военный,7.8
110,Мальчик в полосатой пижаме,8.3,Волнительный,Драма,7.8
110,Мальчик в полосатой пижаме,8.3,Волнительный,Военный,7.8
110,Мальчик в полосатой пижаме,8.0,Трогательный,Драма,7.8
110,Мальчик в полосатой пижаме,8.0,Трогательный,Военный,7.8
111,Назад в будущее II,8.3,Добрый,Комедия,7.8
111,Назад в будущее II,8.3,Добрый,Семейный,7.8
111,Назад в будущее II,8.3,Добрый,Приключения,7.8
111,Назад в будущее II,8.3,Добрый,Фантастика,7.8
111,Назад в будущее II,6.9,Смешной,Комедия,7.8
111,Назад в будущее II,6.9,Смешной,Семейный,7.8
111,Назад в будущее II,6.9,Смешной,Приключения,7.8
111,Назад в будущее II,6.9,Смешной,Фантастика,7.8
111,Назад в будущее II,6.0,Атмосферный,Комедия,7.8
111,Назад в будущее II,6.0,Атмосферный,Семейный,7.8
111,Назад в будущее II,6.0,Атмосферный,Приключения,7.8
111,Назад в будущее II,6.0,Атмосферный,Фантастика,7.8
114,Гарри Поттер и орден Феникса,8.4,Атмосферный,Приключения,7.5
114,Гарри Поттер и орден Феникса,8.4,Атмосферный,Детектив,7.5
114,Гарри Поттер и орден Феникса,8.4,Атмосферный,Фэнтези,7.5
114,Гарри Поттер и орден Феникса,7.6,Добрый,Приключения,7.5
114,Гарри Поттер и орден Феникса,7.6,Добрый,Детектив,7.5
114,Гарри Поттер и орден Феникса,7.6,Добрый,Фэнтези,7.5
114,Гарри Поттер и орден Феникса,7.1,Волнительный,Приключения,7.5
114,Гарри Поттер и орден Феникса,7.1,Волнительный,Детектив,7.5
114,Гарри Поттер и орден Феникса,7.1,Волнительный,Фэнтези,7.5
115,Авиатор,8.1,Вдохновляющий,Драма,7.5
115,Авиатор,7.4,Атмосферный,Драма,7.5
115,Авиатор,6.4,Волнительный,Драма,7.5
116,Пираты Карибского моря: Сундук мертвеца,7.8,Атмосферный,Боевик,7.3
116,Пираты Карибского моря: Сундук мертвеца,7.8,Атмосферный,Приключения,7.3
116,Пираты Карибского моря: Сундук мертвеца,7.8,Атмосферный,Фэнтези,7.3
116,Пираты Карибского моря: Сундук мертвеца,7.1,Смешной,Боевик,7.3
116,Пираты Карибского моря: Сундук мертвеца,7.1,Смешной,Приключения,7.3
116,Пираты Карибского моря: Сундук мертвеца,7.1,Смешной,Фэнтези,7.3
116,Пираты Карибского моря: Сундук мертвеца,6.8,Волнительный,Боевик,7.3
116,Пираты Карибского моря: Сундук мертвеца,6.8,Волнительный,Приключения,7.3
116,Пираты Карибского моря: Сундук мертвеца,6.8,Волнительный,Фэнтези,7.3
121,Шоу Трумана,8.3,Трогательный,Драма,8.1
121,Шоу Трумана,8.3,Трогательный,Комедия,8.1
121,Шоу Трумана,7.8,Добрый,Драма,8.1
121,Шоу Трумана,7.8,Добрый,Комедия,8.1
121,Шоу Трумана,6.7,Смешной,Драма,8.1
121,Шоу Трумана,6.7,Смешной,Комедия,8.1
123,Артист,8.2,Романтичный,Драма,7.9
123,Артист,8.2,Романтичный,Комедия,7.9
123,Артист,8.2,Романтичный,Мелодрама,7.9
123,Артист,6.8,Вдохновляющий,Драма,7.9
123,Артист,6.8,Вдохновляющий,Комедия,7.9
123,Артист,6.8,Вдохновляющий,Мелодрама,7.9
123,Артист,6.3,Добрый,Драма,7.9
123,Артист,6.3,Добрый,Комедия,7.9
123,Артист,6.3,Добрый,Мелодрама,7.9
125,Маленькие женщины,7.8,Трогательный,Драма,7.8
125,Маленькие женщины,7.8,Трогательный,Мелодрама,7.8
125,Маленькие женщины,7.5,Романтичный,Драма,7.8
125,Маленькие женщины,7.5,Романтичный,Мелодрама,7.8
125,Маленькие женщины,7.4,Добрый,Драма,7.8
125,Маленькие женщины,7.4,Добрый,Мелодрама,7.8
924,Маленькие женщины,7.7,Добрый,Драма,7.3
924,Маленькие женщины,7.7,Добрый,Мелодрама,7.3
924,Маленькие женщины,6.9,Трогательный,Драма,7.3
924,Маленькие женщины,6.9,Трогательный,Мелодрама,7.3
924,Маленькие женщины,6.1,Вдохновляющий,Драма,7.3
924,Маленькие женщины,6.1,Вдохновляющий,Мелодрама,7.3
130,Ограбление по-итальянски,7.3,Волнительный,Комедия,7.3
130,Ограбление по-итальянски,7.3,Волнительный,Боевик,7.3
130,Ограбление по-итальянски,7.3,Волнительный,Триллер,7.3
130,Ограбление по-итальянски,7.3,Волнительный,Криминал,7.3
130,Ограбление по-итальянски,6.9,Умный,Комедия,7.3
130,Ограбление по-итальянски,6.9,Умный,Боевик,7.3
130,Ограбление по-итальянски,6.9,Умный,Триллер,7.3
130,Ограбление по-итальянски,6.9,Умный,Криминал,7.3
130,Ограбление по-итальянски,6.6,Атмосферный,Комедия,7.3
130,Ограбление по-итальянски,6.6,Атмосферный,Боевик,7.3
130,Ограбление по-итальянски,6.6,Атмосферный,Триллер,7.3
130,Ограбление по-итальянски,6.6,Атмосферный,Криминал,7.3
834,Ограбление по-итальянски,7.6,Волнительный,Боевик,7.0
834,Ограбление по-итальянски,7.6,Волнительный,Криминал,7.0
834,Ограбление по-итальянски,5.9,Умный,Боевик,7.0
834,Ограбление по-итальянски,5.9,Умный,Криминал,7.0
834,Ограбление по-итальянски,5.5,Атмосферный,Боевик,7.0
834,Ограбление по-итальянски,5.5,Атмосферный,Криминал,7.0
135,Пираты Карибского моря: Проклятие Чёрной жемчужины,8.7,Атмосферный,Боевик,8.0
135,Пираты Карибского моря: Проклятие Чёрной жемчужины,8.7,Атмосферный,Приключения,8.0
135,Пираты Карибского моря: Проклятие Чёрной жемчужины,8.7,Атмосферный,Фэнтези,8.0
135,Пираты Карибского моря: Проклятие Чёрной жемчужины,7.3,Смешной,Боевик,8.0
135,Пираты Карибского моря: Проклятие Чёрной жемчужины,7.3,Смешной,Приключения,8.0
135,Пираты Карибского моря: Проклятие Чёрной жемчужины,7.3,Смешной,Фэнтези,8.0
135,Пираты Карибского моря: Проклятие Чёрной жемчужины,5.9,Романтичный,Боевик,8.0
135,Пираты Карибского моря: Проклятие Чёрной жемчужины,5.9,Романтичный,Приключения,8.0
135,Пираты Карибского моря: Проклятие Чёрной жемчужины,5.9,Романтичный,Фэнтези,8.0
136,Миллионер из трущоб,8.5,Трогательный,Драма,8.0
136,Миллионер из трущоб,8.5,Трогательный,Мелодрама,8.0
136,Миллионер из трущоб,7.6,Волнительный,Драма,8.0
136,Миллионер из трущоб,7.6,Волнительный,Мелодрама,8.0
136,Миллионер из трущоб,7.1,Вдохновляющий,Драма,8.0
136,Миллионер из трущоб,7.1,Вдохновляющий,Мелодрама,8.0
137,Гарри Поттер и узник Азкабана,8.0,Добрый,Приключения,7.9
137,Гарри Поттер и узник Азкабана,8.0,Добрый,Фэнтези,7.9
137,Гарри Поттер и узник Азкабана,7.6,Атмосферный,Приключения,7.9
137,Гарри Поттер и узник Азкабана,7.6,Атмосферный,Фэнтези,7.9
137,Гарри Поттер и узник Азкабана,6.5,Волнительный,Приключения,7.9
137,Гарри Поттер и узник Азкабана,6.5,Волнительный,Фэнтези,7.9
138,Изгой,7.7,Трогательный,Драма,7.8
138,Изгой,7.7,Трогательный,Приключения,7.8
138,Изгой,7.7,Вдохновляющий,Драма,7.8
138,Изгой,7.7,Вдохновляющий,Приключения,7.8
138,Изгой,7.7,Волнительный,Драма,7.8
138,Изгой,7.7,Волнительный,Приключения,7.8
139,Величайший шоумен,7.4,Трогательный,Драма,7.6
139,Величайший шоумен,7.1,Добрый,Драма,7.6
139,Величайший шоумен,6.8,Вдохновляющий,Драма,7.6
144,Август,6.8,Волнительный,Драма,7.2
144,Август,6.8,Волнительный,Комедия,7.2
144,Август,6.5,Умный,Драма,7.2
144,Август,6.5,Умный,Комедия,7.2
144,Август,6.4,Вдохновляющий,Драма,7.2
144,Август,6.4,Вдохновляющий,Комедия,7.2
145,Новый Человек-паук,7.2,Волнительный,Боевик,6.9
145,Новый Человек-паук,7.2,Волнительный,Приключения,6.9
145,Новый Человек-паук,7.2,Волнительный,Фэнтези,6.9
145,Новый Человек-паук,6.4,Атмосферный,Боевик,6.9
145,Новый Человек-паук,6.4,Атмосферный,Приключения,6.9
145,Новый Человек-паук,6.4,Атмосферный,Фэнтези,6.9
145,Новый Человек-паук,6.2,Вдохновляющий,Боевик,6.9
145,Новый Человек-паук,6.2,Вдохновляющий,Приключения,6.9
145,Новый Человек-паук,6.2,Вдохновляющий,Фэнтези,6.9
157,Благодетель,7.0,Добрый,Драма,7.2
157,Благодетель,7.0,Добрый,Триллер,7.2
157,Благодетель,7.0,Добрый,Криминал,7.2
157,Благодетель,6.9,Трогательный,Драма,7.2
157,Благодетель,6.9,Трогательный,Триллер,7.2
157,Благодетель,6.9,Трогательный,Криминал,7.2
157,Благодетель,6.4,Волнительный,Драма,7.2
157,Благодетель,6.4,Волнительный,Триллер,7.2
157,Благодетель,6.4,Волнительный,Криминал,7.2
160,Рука на миллион,7.4,Вдохновляющий,Драма,7.0
160,Рука на миллион,6.1,Добрый,Драма,7.0
160,Рука на миллион,6.0,Атмосферный,Драма,7.0
172,Арахисовый сокол,7.3,Добрый,Драма,7.6
172,Арахисовый сокол,7.3,Добрый,Комедия,7.6
172,Арахисовый сокол,7.3,Добрый,Приключения,7.6
172,Арахисовый сокол,6.9,Вдохновляющий,Драма,7.6
172,Арахисовый сокол,6.9,Вдохновляющий,Комедия,7.6
172,Арахисовый сокол,6.9,Вдохновляющий,Приключения,7.6
172,Арахисовый сокол,5.6,Трогательный,Драма,7.6
172,Арахисовый сокол,5.6,Трогательный,Комедия,7.6
172,Арахисовый сокол,5.6,Трогательный,Приключения,7.6
174,Гарри Поттер и философский камень,8.2,Атмосферный,Приключения,7.6
174,Гарри Поттер и философский камень,8.2,Атмосферный,Фэнтези,7.6
174,Гарри Поттер и философский камень,8.2,Добрый,Приключения,7.6
174,Гарри Поттер и философский камень,8.2,Добрый,Фэнтези,7.6
174,Гарри Поттер и философский камень,7.4,Волнительный,Приключения,7.6
174,Гарри Поттер и философский камень,7.4,Волнительный,Фэнтези,7.6
176,Август Раш,7.6,Трогательный,Драма,7.5
176,Август Раш,7.6,Трогательный,Музыка,7.5
176,Август Раш,7.6,Трогательный,Семейный,7.5
176,Август Раш,7.4,Добрый,Драма,7.5
176,Август Раш,7.4,Добрый,Музыка,7.5
176,Август Раш,7.4,Добрый,Семейный,7.5
176,Август Раш,7.0,Вдохновляющий,Драма,7.5
176,Август Раш,7.0,Вдохновляющий,Музыка,7.5
176,Август Раш,7.0,Вдохновляющий,Семейный,7.5
178,Кит,8.3,Романтичный,Драма,7.4
178,Кит,8.3,Романтичный,Мелодрама,7.4
178,Кит,8.3,Романтичный,Семейный,7.4
178,Кит,7.7,Добрый,Драма,7.4
178,Кит,7.7,Добрый,Мелодрама,7.4
178,Кит,7.7,Добрый,Семейный,7.4
178,Кит,5.8,Трогательный,Драма,7.4
178,Кит,5.8,Трогательный,Мелодрама,7.4
178,Кит,5.8,Трогательный,Семейный,7.4
182,"Человек, который познал бесконечность",7.2,Вдохновляющий,Драма,7.2
182,"Человек, который познал бесконечность",6.4,Трогательный,Драма,7.2
182,"Человек, который познал бесконечность",6.0,Волнительный,Драма,7.2
185,Джуманджи,8.2,Волнительный,Семейный,7.0
185,Джуманджи,8.2,Волнительный,Приключения,7.0
185,Джуманджи,8.2,Волнительный,Фэнтези,7.0
185,Джуманджи,7.1,Добрый,Семейный,7.0
185,Джуманджи,7.1,Добрый,Приключения,7.0
185,Джуманджи,7.1,Добрый,Фэнтези,7.0
185,Джуманджи,5.4,Атмосферный,Семейный,7.0
185,Джуманджи,5.4,Атмосферный,Приключения,7.0
185,Джуманджи,5.4,Атмосферный,Фэнтези,7.0
187,Путешествие Гектора в поисках счастья,7.7,Добрый,Драма,7.0
187,Путешествие Гектора в поисках счастья,7.7,Добрый,Комедия,7.0
187,Путешествие Гектора в поисках счастья,7.7,Добрый,Приключения,7.0
187,Путешествие Гектора в поисках счастья,7.3,Трогательный,Драма,7.0
187,Путешествие Гектора в поисках счастья,7.3,Трогательный,Комедия,7.0
187,Путешествие Гектора в поисках счастья,7.3,Трогательный,Приключения,7.0
187,Путешествие Гектора в поисках счастья,7.3,Романтичный,Драма,7.0
187,Путешествие Гектора в поисках счастья,7.3,Романтичный,Комедия,7.0
187,Путешествие Гектора в поисках счастья,7.3,Романтичный,Приключения,7.0
188,Робин Гуд: Принц воров,7.4,Волнительный,Мелодрама,6.9
188,Робин Гуд: Принц воров,7.4,Волнительный,Приключения,6.9
188,Робин Гуд: Принц воров,6.8,Вдохновляющий,Мелодрама,6.9
188,Робин Гуд: Принц воров,6.8,Вдохновляющий,Приключения,6.9
188,Робин Гуд: Принц воров,6.7,Атмосферный,Мелодрама,6.9
188,Робин Гуд: Принц воров,6.7,Атмосферный,Приключения,6.9
189,Сокровище нации,7.2,Волнительный,Боевик,6.9
189,Сокровище нации,7.2,Волнительный,Триллер,6.9
189,Сокровище нации,7.2,Волнительный,Приключения,6.9
189,Сокровище нации,7.2,Волнительный,Детектив,6.9
189,Сокровище нации,6.8,Атмосферный,Боевик,6.9
189,Сокровище нации,6.8,Атмосферный,Триллер,6.9
189,Сокровище нации,6.8,Атмосферный,Приключения,6.9
189,Сокровище нации,6.8,Атмосферный,Детектив,6.9
189,Сокровище нации,5.7,Вдохновляющий,Боевик,6.9
189,Сокровище нации,5.7,Вдохновляющий,Триллер,6.9
189,Сокровище нации,5.7,Вдохновляющий,Приключения,6.9
189,Сокровище нации,5.7,Вдохновляющий,Детектив,6.9
194,Особенные,7.9,Трогательный,Драма,7.4
194,Особенные,7.9,Трогательный,Комедия,7.4
194,Особенные,7.3,Добрый,Драма,7.4
194,Особенные,7.3,Добрый,Комедия,7.4
194,Особенные,6.3,Волнительный,Драма,7.4
194,Особенные,6.3,Волнительный,Комедия,7.4
204,Эдвард руки-ножницы,8.2,Трогательный,Драма,7.9
204,Эдвард руки-ножницы,8.2,Трогательный,Мелодрама,7.9
204,Эдвард руки-ножницы,8.2,Трогательный,Фэнтези,7.9
204,Эдвард руки-ножницы,6.1,Странный,Драма,7.9
204,Эдвард руки-ножницы,6.1,Странный,Мелодрама,7.9
204,Эдвард руки-ножницы,6.1,Странный,Фэнтези,7.9
204,Эдвард руки-ножницы,5.9,Грустный,Драма,7.9
204,Эдвард руки-ножницы,5.9,Грустный,Мелодрама,7.9
204,Эдвард руки-ножницы,5.9,Грустный,Фэнтези,7.9
210,Возвращение,7.0,Волнительный,Драма,7.6
210,Возвращение,7.0,Волнительный,Комедия,7.6
210,Возвращение,7.0,Волнительный,Мелодрама,7.6
210,Возвращение,6.0,Романтичный,Драма,7.6
210,Возвращение,6.0,Романтичный,Комедия,7.6
210,Возвращение,6.0,Романтичный,Мелодрама,7.6
210,Возвращение,6.0,Трогательный,Драма,7.6
210,Возвращение,6.0,Трогательный,Комедия,7.6
210,Возвращение,6.0,Трогательный,Мелодрама,7.6
303,Возвращение,6.6,Трогательный,Драма,8.0
303,Возвращение,5.8,Волнительный,Драма,8.0
303,Возвращение,5.8,Умный,Драма,8.0
213,Хоббит: Битва пяти воинств,8.7,Атмосферный,Боевик,7.4
213,Хоббит: Битва пяти воинств,8.7,Атмосферный,Приключения,7.4
213,Хоббит: Битва пяти воинств,8.7,Атмосферный,Фэнтези,7.4
213,Хоббит: Битва пяти воинств,7.1,Волнительный,Боевик,7.4
213,Хоббит: Битва пяти воинств,7.1,Волнительный,Приключения,7.4
213,Хоббит: Битва пяти воинств,7.1,Волнительный,Фэнтези,7.4
213,Хоббит: Битва пяти воинств,6.8,Вдохновляющий,Боевик,7.4
213,Хоббит: Битва пяти воинств,6.8,Вдохновляющий,Приключения,7.4
213,Хоббит: Битва пяти воинств,6.8,Вдохновляющий,Фэнтези,7.4
214,Гарри Поттер и тайная комната,9.1,Атмосферный,Приключения,7.4
214,Гарри Поттер и тайная комната,9.1,Атмосферный,Фэнтези,7.4
214,Гарри Поттер и тайная комната,7.9,Добрый,Приключения,7.4
214,Гарри Поттер и тайная комната,7.9,Добрый,Фэнтези,7.4
214,Гарри Поттер и тайная комната,6.0,Волнительный,Приключения,7.4
214,Гарри Поттер и тайная комната,6.0,Волнительный,Фэнтези,7.4
219,Миссия: невыполнима,8.0,Атмосферный,Боевик,7.1
219,Миссия: невыполнима,8.0,Атмосферный,Триллер,7.1
219,Миссия: невыполнима,8.0,Атмосферный,Приключения,7.1
219,Миссия: невыполнима,8.0,Волнительный,Боевик,7.1
219,Миссия: невыполнима,8.0,Волнительный,Триллер,7.1
219,Миссия: невыполнима,8.0,Волнительный,Приключения,7.1
219,Миссия: невыполнима,7.8,Вдохновляющий,Боевик,7.1
219,Миссия: невыполнима,7.8,Вдохновляющий,Триллер,7.1
219,Миссия: невыполнима,7.8,Вдохновляющий,Приключения,7.1
221,Малефисента,7.3,Добрый,Мелодрама,7.0
221,Малефисента,7.3,Добрый,Боевик,7.0
221,Малефисента,7.3,Добрый,Семейный,7.0
221,Малефисента,7.3,Добрый,Приключения,7.0
221,Малефисента,7.3,Добрый,Фэнтези,7.0
221,Малефисента,7.3,Трогательный,Мелодрама,7.0
221,Малефисента,7.3,Трогательный,Боевик,7.0
221,Малефисента,7.3,Трогательный,Семейный,7.0
221,Малефисента,7.3,Трогательный,Приключения,7.0
221,Малефисента,7.3,Трогательный,Фэнтези,7.0
221,Малефисента,7.1,Атмосферный,Мелодрама,7.0
221,Малефисента,7.1,Атмосферный,Боевик,7.0
221,Малефисента,7.1,Атмосферный,Семейный,7.0
221,Малефисента,7.1,Атмосферный,Приключения,7.0
221,Малефисента,7.1,Атмосферный,Фэнтези,7.0
222,Куда приводят мечты,8.0,Трогательный,Драма,7.0
222,Куда приводят мечты,8.0,Трогательный,Мелодрама,7.0
222,Куда приводят мечты,8.0,Трогательный,Фэнтези,7.0
222,Куда приводят мечты,6.3,Добрый,Драма,7.0
222,Куда приводят мечты,6.3,Добрый,Мелодрама,7.0
222,Куда приводят мечты,6.3,Добрый,Фэнтези,7.0
222,Куда приводят мечты,6.3,Романтичный,Драма,7.0
222,Куда приводят мечты,6.3,Романтичный,Мелодрама,7.0
222,Куда приводят мечты,6.3,Романтичный,Фэнтези,7.0
229,Джуманджи: Новый уровень,7.2,Атмосферный,Комедия,6.7
229,Джуманджи: Новый уровень,7.2,Атмосферный,Приключения,6.7
229,Джуманджи: Новый уровень,7.2,Атмосферный,Фэнтези,6.7
229,Джуманджи: Новый уровень,7.0,Волнительный,Комедия,6.7
229,Джуманджи: Новый уровень,7.0,Волнительный,Приключения,6.7
229,Джуманджи: Новый уровень,7.0,Волнительный,Фэнтези,6.7
229,Джуманджи: Новый уровень,6.9,Добрый,Комедия,6.7
229,Джуманджи: Новый уровень,6.9,Добрый,Приключения,6.7
229,Джуманджи: Новый уровень,6.9,Добрый,Фэнтези,6.7
242,Спасти планету,8.0,Вдохновляющий,Документальный,8.2
242,Спасти планету,7.6,Трогательный,Документальный,8.2
242,Спасти планету,7.3,Волнительный,Документальный,8.2
245,Прислуга,6.9,Трогательный,Драма,8.0
245,Прислуга,6.8,Добрый,Драма,8.0
245,Прислуга,5.6,Волнительный,Драма,8.0
247,Аватар,7.8,Волнительный,Боевик,7.8
247,Аватар,7.8,Волнительный,Приключения,7.8
247,Аватар,7.8,Волнительный,Фантастика,7.8
247,Аватар,7.8,Волнительный,Фэнтези,7.8
247,Аватар,7.6,Атмосферный,Боевик,7.8
247,Аватар,7.6,Атмосферный,Приключения,7.8
247,Аватар,7.6,Атмосферный,Фантастика,7.8
247,Аватар,7.6,Атмосферный,Фэнтези,7.8
247,Аватар,5.8,Вдохновляющий,Боевик,7.8
247,Аватар,5.8,Вдохновляющий,Приключения,7.8
247,Аватар,5.8,Вдохновляющий,Фантастика,7.8
247,Аватар,5.8,Вдохновляющий,Фэнтези,7.8
250,Скрытые фигуры,7.4,Вдохновляющий,Драма,7.8
250,Скрытые фигуры,7.4,Вдохновляющий,История,7.8
250,Скрытые фигуры,5.6,Умный,Драма,7.8
250,Скрытые фигуры,5.6,Умный,История,7.8
250,Скрытые фигуры,5.6,Волнительный,Драма,7.8
250,Скрытые фигуры,5.6,Волнительный,История,7.8
259,Поле чудес,6.7,Добрый,Драма,7.5
259,Поле чудес,6.7,Добрый,Фэнтези,7.5
259,Поле чудес,6.5,Вдохновляющий,Драма,7.5
259,Поле чудес,6.5,Вдохновляющий,Фэнтези,7.5
259,Поле чудес,6.0,Трогательный,Драма,7.5
259,Поле чудес,6.0,Трогательный,Фэнтези,7.5
272,Покорители волн,7.4,Вдохновляющий,Драма,7.1
272,Покорители волн,7.2,Волнительный,Драма,7.1
272,Покорители волн,5.3,Трогательный,Драма,7.1
276,Железный человек 2,6.9,Атмосферный,Боевик,7.0
276,Железный человек 2,6.9,Атмосферный,Приключения,7.0
276,Железный человек 2,6.9,Атмосферный,Фантастика,7.0
276,Железный человек 2,5.8,Вдохновляющий,Боевик,7.0
276,Железный человек 2,5.8,Вдохновляющий,Приключения,7.0
276,Железный человек 2,5.8,Вдохновляющий,Фантастика,7.0
276,Железный человек 2,5.3,Волнительный,Боевик,7.0
276,Железный человек 2,5.3,Волнительный,Приключения,7.0
276,Железный человек 2,5.3,Волнительный,Фантастика,7.0
277,Мир Уэйна,6.5,Странный,Комедия,7.0
277,Мир Уэйна,6.5,Странный,Музыка,7.0
277,Мир Уэйна,6.0,Глупый,Комедия,7.0
277,Мир Уэйна,6.0,Глупый,Музыка,7.0
277,Мир Уэйна,5.4,Добрый,Комедия,7.0
277,Мир Уэйна,5.4,Добрый,Музыка,7.0
279,Мажестик,6.7,Романтичный,Драма,6.9
279,Мажестик,6.7,Романтичный,Комедия,6.9
279,Мажестик,6.7,Романтичный,Мелодрама,6.9
279,Мажестик,6.4,Добрый,Драма,6.9
279,Мажестик,6.4,Добрый,Комедия,6.9
279,Мажестик,6.4,Добрый,Мелодрама,6.9
279,Мажестик,5.8,Трогательный,Драма,6.9
279,Мажестик,5.8,Трогательный,Комедия,6.9
279,Мажестик,5.8,Трогательный,Мелодрама,6.9
289,РЭД 2,7.0,Атмосферный,Комедия,6.6
289,РЭД 2,7.0,Атмосферный,Боевик,6.6
289,РЭД 2,7.0,Атмосферный,Триллер,6.6
289,РЭД 2,7.0,Атмосферный,Криминал,6.6
289,РЭД 2,6.2,Волнительный,Комедия,6.6
289,РЭД 2,6.2,Волнительный,Боевик,6.6
289,РЭД 2,6.2,Волнительный,Триллер,6.6
289,РЭД 2,6.2,Волнительный,Криминал,6.6
289,РЭД 2,4.9,Жестокий,Комедия,6.6
289,РЭД 2,4.9,Жестокий,Боевик,6.6
289,РЭД 2,4.9,Жестокий,Триллер,6.6
289,РЭД 2,4.9,Жестокий,Криминал,6.6
291,Шаг вперёд,8.3,Романтичный,Драма,6.5
291,Шаг вперёд,8.3,Романтичный,Мелодрама,6.5
291,Шаг вперёд,8.3,Романтичный,Музыка,6.5
291,Шаг вперёд,8.3,Романтичный,Криминал,6.5
291,Шаг вперёд,7.3,Вдохновляющий,Драма,6.5
291,Шаг вперёд,7.3,Вдохновляющий,Мелодрама,6.5
291,Шаг вперёд,7.3,Вдохновляющий,Музыка,6.5
291,Шаг вперёд,7.3,Вдохновляющий,Криминал,6.5
291,Шаг вперёд,6.0,Добрый,Драма,6.5
291,Шаг вперёд,6.0,Добрый,Мелодрама,6.5
291,Шаг вперёд,6.0,Добрый,Музыка,6.5
291,Шаг вперёд,6.0,Добрый,Криминал,6.5
292,Форсаж: Хоббс и Шоу,7.8,Волнительный,Комедия,6.4
292,Форсаж: Хоббс и Шоу,7.8,Волнительный,Боевик,6.4
292,Форсаж: Хоббс и Шоу,7.8,Волнительный,Приключения,6.4
292,Форсаж: Хоббс и Шоу,7.5,Атмосферный,Комедия,6.4
292,Форсаж: Хоббс и Шоу,7.5,Атмосферный,Боевик,6.4
292,Форсаж: Хоббс и Шоу,7.5,Атмосферный,Приключения,6.4
292,Форсаж: Хоббс и Шоу,6.2,Вдохновляющий,Комедия,6.4
292,Форсаж: Хоббс и Шоу,6.2,Вдохновляющий,Боевик,6.4
292,Форсаж: Хоббс и Шоу,6.2,Вдохновляющий,Приключения,6.4
295,Удивительный мир Марвена,6.6,Трогательный,Драма,6.2
295,Удивительный мир Марвена,6.6,Трогательный,Комедия,6.2
295,Удивительный мир Марвена,6.6,Трогательный,Фэнтези,6.2
295,Удивительный мир Марвена,6.6,Вдохновляющий,Драма,6.2
295,Удивительный мир Марвена,6.6,Вдохновляющий,Комедия,6.2
295,Удивительный мир Марвена,6.6,Вдохновляющий,Фэнтези,6.2
295,Удивительный мир Марвена,6.5,Добрый,Драма,6.2
295,Удивительный мир Марвена,6.5,Добрый,Комедия,6.2
295,Удивительный мир Марвена,6.5,Добрый,Фэнтези,6.2
299,"Поймай меня, если сможешь",8.3,Умный,Драма,8.1
299,"Поймай меня, если сможешь",8.3,Умный,Криминал,8.1
299,"Поймай меня, если сможешь",6.4,Волнительный,Драма,8.1
299,"Поймай меня, если сможешь",6.4,Волнительный,Криминал,8.1
299,"Поймай меня, если сможешь",5.7,Вдохновляющий,Драма,8.1
299,"Поймай меня, если сможешь",5.7,Вдохновляющий,Криминал,8.1
301,Мстители,8.5,Атмосферный,Боевик,8.0
301,Мстители,8.5,Атмосферный,Приключения,8.0
301,Мстители,8.5,Атмосферный,Фантастика,8.0
301,Мстители,6.6,Волнительный,Боевик,8.0
301,Мстители,6.6,Волнительный,Приключения,8.0
301,Мстители,6.6,Волнительный,Фантастика,8.0
301,Мстители,6.2,Вдохновляющий,Боевик,8.0
301,Мстители,6.2,Вдохновляющий,Приключения,8.0
301,Мстители,6.2,Вдохновляющий,Фантастика,8.0
305,Хоббит: Нежданное путешествие,7.6,Добрый,Боевик,7.8
305,Хоббит: Нежданное путешествие,7.6,Добрый,Приключения,7.8
305,Хоббит: Нежданное путешествие,7.6,Добрый,Фэнтези,7.8
305,Хоббит: Нежданное путешествие,7.6,Атмосферный,Боевик,7.8
305,Хоббит: Нежданное путешествие,7.6,Атмосферный,Приключения,7.8
305,Хоббит: Нежданное путешествие,7.6,Атмосферный,Фэнтези,7.8
305,Хоббит: Нежданное путешествие,6.0,Волнительный,Боевик,7.8
305,Хоббит: Нежданное путешествие,6.0,Волнительный,Приключения,7.8
305,Хоббит: Нежданное путешествие,6.0,Волнительный,Фэнтези,7.8
307,Одиннадцать друзей Оушена,8.2,Умный,Триллер,7.7
307,Одиннадцать друзей Оушена,8.2,Умный,Криминал,7.7
307,Одиннадцать друзей Оушена,7.0,Атмосферный,Триллер,7.7
307,Одиннадцать друзей Оушена,7.0,Атмосферный,Криминал,7.7
307,Одиннадцать друзей Оушена,6.6,Волнительный,Триллер,7.7
307,Одиннадцать друзей Оушена,6.6,Волнительный,Криминал,7.7
308,"Нью-Йорк, Нью-Йорк",6.2,Вдохновляющий,Драма,7.6
308,"Нью-Йорк, Нью-Йорк",6.0,Волнительный,Драма,7.6
308,"Нью-Йорк, Нью-Йорк",5.7,Трогательный,Драма,7.6
309,Шерлок Холмс,8.1,Атмосферный,Боевик,7.6
309,Шерлок Холмс,8.1,Атмосферный,Криминал,7.6
309,Шерлок Холмс,8.1,Атмосферный,Приключения,7.6
309,Шерлок Холмс,8.1,Атмосферный,Детектив,7.6
309,Шерлок Холмс,7.6,Умный,Боевик,7.6
309,Шерлок Холмс,7.6,Умный,Криминал,7.6
309,Шерлок Холмс,7.6,Умный,Приключения,7.6
309,Шерлок Холмс,7.6,Умный,Детектив,7.6
309,Шерлок Холмс,5.8,Волнительный,Боевик,7.6
309,Шерлок Холмс,5.8,Волнительный,Криминал,7.6
309,Шерлок Холмс,5.8,Волнительный,Приключения,7.6
309,Шерлок Холмс,5.8,Волнительный,Детектив,7.6
311,Звёздный путь: Первый контакт,6.8,Волнительный,Боевик,7.6
311,Звёздный путь: Первый контакт,6.8,Волнительный,Триллер,7.6
311,Звёздный путь: Первый контакт,6.8,Волнительный,Приключения,7.6
311,Звёздный путь: Первый контакт,6.8,Волнительный,Фантастика,7.6
311,Звёздный путь: Первый контакт,6.6,Умный,Боевик,7.6
311,Звёздный путь: Первый контакт,6.6,Умный,Триллер,7.6
311,Звёздный путь: Первый контакт,6.6,Умный,Приключения,7.6
311,Звёздный путь: Первый контакт,6.6,Умный,Фантастика,7.6
311,Звёздный путь: Первый контакт,6.3,Атмосферный,Боевик,7.6
311,Звёздный путь: Первый контакт,6.3,Атмосферный,Триллер,7.6
311,Звёздный путь: Первый контакт,6.3,Атмосферный,Приключения,7.6
311,Звёздный путь: Первый контакт,6.3,Атмосферный,Фантастика,7.6
321,Пи,6.8,Умный,Драма,7.4
321,Пи,6.8,Умный,Триллер,7.4
321,Пи,6.8,Умный,Детектив,7.4
321,Пи,6.6,Волнительный,Драма,7.4
321,Пи,6.6,Волнительный,Триллер,7.4
321,Пи,6.6,Волнительный,Детектив,7.4
321,Пи,5.9,Странный,Драма,7.4
321,Пи,5.9,Странный,Триллер,7.4
321,Пи,5.9,Странный,Детектив,7.4
325,Водная жизнь,6.5,Вдохновляющий,Драма,7.3
325,Водная жизнь,6.5,Вдохновляющий,Комедия,7.3
325,Водная жизнь,6.5,Вдохновляющий,Приключения,7.3
325,Водная жизнь,6.0,Добрый,Драма,7.3
325,Водная жизнь,6.0,Добрый,Комедия,7.3
325,Водная жизнь,6.0,Добрый,Приключения,7.3
325,Водная жизнь,5.1,Атмосферный,Драма,7.3
325,Водная жизнь,5.1,Атмосферный,Комедия,7.3
325,Водная жизнь,5.1,Атмосферный,Приключения,7.3
328,История Антуана Фишера,6.8,Вдохновляющий,Драма,7.3
328,История Антуана Фишера,6.8,Вдохновляющий,Мелодрама,7.3
328,История Антуана Фишера,6.5,Трогательный,Драма,7.3
328,История Антуана Фишера,6.5,Трогательный,Мелодрама,7.3
328,История Антуана Фишера,5.9,Волнительный,Драма,7.3
328,История Антуана Фишера,5.9,Волнительный,Мелодрама,7.3
330,Человек-паук 2,7.9,Атмосферный,Боевик,7.3
330,Человек-паук 2,7.9,Атмосферный,Приключения,7.3
330,Человек-паук 2,7.9,Атмосферный,Фэнтези,7.3
330,Человек-паук 2,7.5,Волнительный,Боевик,7.3
330,Человек-паук 2,7.5,Волнительный,Приключения,7.3
330,Человек-паук 2,7.5,Волнительный,Фэнтези,7.3
330,Человек-паук 2,6.5,Вдохновляющий,Боевик,7.3
330,Человек-паук 2,6.5,Вдохновляющий,Приключения,7.3
330,Человек-паук 2,6.5,Вдохновляющий,Фэнтези,7.3
332,Человек-паук,7.0,Добрый,Боевик,7.3
332,Человек-паук,7.0,Добрый,Фэнтези,7.3
332,Человек-паук,6.9,Волнительный,Боевик,7.3
332,Человек-паук,6.9,Волнительный,Фэнтези,7.3
332,Человек-паук,6.2,Атмосферный,Боевик,7.3
332,Человек-паук,6.2,Атмосферный,Фэнтези,7.3
342,Семь лет в Тибете,8.1,Вдохновляющий,Драма,7.1
342,Семь лет в Тибете,8.1,Вдохновляющий,Приключения,7.1
342,Семь лет в Тибете,8.1,Вдохновляющий,История,7.1
342,Семь лет в Тибете,5.7,Трогательный,Драма,7.1
342,Семь лет в Тибете,5.7,Трогательный,Приключения,7.1
342,Семь лет в Тибете,5.7,Трогательный,История,7.1
342,Семь лет в Тибете,5.5,Атмосферный,Драма,7.1
342,Семь лет в Тибете,5.5,Атмосферный,Приключения,7.1
342,Семь лет в Тибете,5.5,Атмосферный,История,7.1
352,Малефисента: Владычица тьмы,8.0,Волнительный,Семейный,6.6
352,Малефисента: Владычица тьмы,8.0,Волнительный,Приключения,6.6
352,Малефисента: Владычица тьмы,8.0,Волнительный,Фэнтези,6.6
352,Малефисента: Владычица тьмы,7.9,Трогательный,Семейный,6.6
352,Малефисента: Владычица тьмы,7.9,Трогательный,Приключения,6.6
352,Малефисента: Владычица тьмы,7.9,Трогательный,Фэнтези,6.6
352,Малефисента: Владычица тьмы,7.1,Атмосферный,Семейный,6.6
352,Малефисента: Владычица тьмы,7.1,Атмосферный,Приключения,6.6
352,Малефисента: Владычица тьмы,7.1,Атмосферный,Фэнтези,6.6
356,Тайное окно,7.2,Волнительный,Триллер,6.5
356,Тайное окно,7.2,Волнительный,Детектив,6.5
356,Тайное окно,6.9,Атмосферный,Триллер,6.5
356,Тайное окно,6.9,Атмосферный,Детектив,6.5
356,Тайное окно,6.1,Умный,Триллер,6.5
356,Тайное окно,6.1,Умный,Детектив,6.5
357,Шаг вперёд 4,7.7,Романтичный,Драма,6.4
357,Шаг вперёд 4,7.7,Романтичный,Мелодрама,6.4
357,Шаг вперёд 4,7.7,Романтичный,Музыка,6.4
357,Шаг вперёд 4,6.9,Добрый,Драма,6.4
357,Шаг вперёд 4,6.9,Добрый,Мелодрама,6.4
357,Шаг вперёд 4,6.9,Добрый,Музыка,6.4
357,Шаг вперёд 4,6.0,Вдохновляющий,Драма,6.4
357,Шаг вперёд 4,6.0,Вдохновляющий,Мелодрама,6.4
357,Шаг вперёд 4,6.0,Вдохновляющий,Музыка,6.4
360,Ангелы Чарли,6.4,Волнительный,Комедия,4.9
360,Ангелы Чарли,6.4,Волнительный,Боевик,4.9
360,Ангелы Чарли,6.4,Волнительный,Приключения,4.9
360,Ангелы Чарли,6.1,Атмосферный,Комедия,4.9
360,Ангелы Чарли,6.1,Атмосферный,Боевик,4.9
360,Ангелы Чарли,6.1,Атмосферный,Приключения,4.9
360,Ангелы Чарли,4.7,Добрый,Комедия,4.9
360,Ангелы Чарли,4.7,Добрый,Боевик,4.9
360,Ангелы Чарли,4.7,Добрый,Приключения,4.9
362,Русский ковчег,6.0,Трогательный,Драма,7.4
362,Русский ковчег,6.0,Трогательный,Детектив,7.4
362,Русский ковчег,6.0,Трогательный,Фэнтези,7.4
362,Русский ковчег,6.0,Трогательный,История,7.4
362,Русский ковчег,5.8,Волнительный,Драма,7.4
362,Русский ковчег,5.8,Волнительный,Детектив,7.4
362,Русский ковчег,5.8,Волнительный,Фэнтези,7.4
362,Русский ковчег,5.8,Волнительный,История,7.4
362,Русский ковчег,5.7,Атмосферный,Драма,7.4
362,Русский ковчег,5.7,Атмосферный,Детектив,7.4
362,Русский ковчег,5.7,Атмосферный,Фэнтези,7.4
362,Русский ковчег,5.7,Атмосферный,История,7.4
369,Шестое чувство,8.4,Атмосферный,Драма,8.1
369,Шестое чувство,8.4,Атмосферный,Триллер,8.1
369,Шестое чувство,8.4,Атмосферный,Детектив,8.1
369,Шестое чувство,7.9,Волнительный,Драма,8.1
369,Шестое чувство,7.9,Волнительный,Триллер,8.1
369,Шестое чувство,7.9,Волнительный,Детектив,8.1
369,Шестое чувство,5.4,Умный,Драма,8.1
369,Шестое чувство,5.4,Умный,Триллер,8.1
369,Шестое чувство,5.4,Умный,Детектив,8.1
370,Иваново детство,7.4,Добрый,Драма,8.1
370,Иваново детство,7.4,Добрый,Военный,8.1
370,Иваново детство,6.5,Трогательный,Драма,8.1
370,Иваново детство,6.5,Трогательный,Военный,8.1
370,Иваново детство,5.8,Умный,Драма,8.1
370,Иваново детство,5.8,Умный,Военный,8.1
372,Мальтийский сокол,8.7,Волнительный,Триллер,8.0
372,Мальтийский сокол,8.7,Волнительный,Криминал,8.0
372,Мальтийский сокол,8.7,Волнительный,Детектив,8.0
372,Мальтийский сокол,7.4,Атмосферный,Триллер,8.0
372,Мальтийский сокол,7.4,Атмосферный,Криминал,8.0
372,Мальтийский сокол,7.4,Атмосферный,Детектив,8.0
372,Мальтийский сокол,6.5,Умный,Триллер,8.0
372,Мальтийский сокол,6.5,Умный,Криминал,8.0
372,Мальтийский сокол,6.5,Умный,Детектив,8.0
383,Невероятный мир глазами Энцо,7.9,Добрый,Драма,7.6
383,Невероятный мир глазами Энцо,7.9,Добрый,Комедия,7.6
383,Невероятный мир глазами Энцо,7.9,Добрый,Мелодрама,7.6
383,Невероятный мир глазами Энцо,7.8,Трогательный,Драма,7.6
383,Невероятный мир глазами Энцо,7.8,Трогательный,Комедия,7.6
383,Невероятный мир глазами Энцо,7.8,Трогательный,Мелодрама,7.6
383,Невероятный мир глазами Энцо,6.3,Вдохновляющий,Драма,7.6
383,Невероятный мир глазами Энцо,6.3,Вдохновляющий,Комедия,7.6
383,Невероятный мир глазами Энцо,6.3,Вдохновляющий,Мелодрама,7.6
389,Пока не сыграл в ящик,8.2,Добрый,Драма,7.4
389,Пока не сыграл в ящик,8.2,Добрый,Комедия,7.4
389,Пока не сыграл в ящик,7.2,Трогательный,Драма,7.4
389,Пока не сыграл в ящик,7.2,Трогательный,Комедия,7.4
389,Пока не сыграл в ящик,6.5,Вдохновляющий,Драма,7.4
389,Пока не сыграл в ящик,6.5,Вдохновляющий,Комедия,7.4
390,Терминал,8.1,Трогательный,Драма,7.4
390,Терминал,8.1,Трогательный,Комедия,7.4
390,Терминал,6.1,Добрый,Драма,7.4
390,Терминал,6.1,Добрый,Комедия,7.4
390,Терминал,5.0,Волнительный,Драма,7.4
390,Терминал,5.0,Волнительный,Комедия,7.4
396,Джейн Эйр,8.6,Романтичный,Драма,7.3
396,Джейн Эйр,8.6,Романтичный,Мелодрама,7.3
396,Джейн Эйр,6.8,Волнительный,Драма,7.3
396,Джейн Эйр,6.8,Волнительный,Мелодрама,7.3
396,Джейн Эйр,6.7,Трогательный,Драма,7.3
396,Джейн Эйр,6.7,Трогательный,Мелодрама,7.3
417,Шаг вперёд 3D,8.3,Романтичный,Драма,6.2
417,Шаг вперёд 3D,8.3,Романтичный,Мелодрама,6.2
417,Шаг вперёд 3D,7.0,Вдохновляющий,Драма,6.2
417,Шаг вперёд 3D,7.0,Вдохновляющий,Мелодрама,6.2
417,Шаг вперёд 3D,5.5,Добрый,Драма,6.2
417,Шаг вперёд 3D,5.5,Добрый,Мелодрама,6.2
420,Битва за Севастополь,7.9,Трогательный,Драма,7.1
420,Битва за Севастополь,7.9,Трогательный,Мелодрама,7.1
420,Битва за Севастополь,7.9,Трогательный,Военный,7.1
420,Битва за Севастополь,6.4,Волнительный,Драма,7.1
420,Битва за Севастополь,6.4,Волнительный,Мелодрама,7.1
420,Битва за Севастополь,6.4,Волнительный,Военный,7.1
420,Битва за Севастополь,5.5,Атмосферный,Драма,7.1
420,Битва за Севастополь,5.5,Атмосферный,Мелодрама,7.1
420,Битва за Севастополь,5.5,Атмосферный,Военный,7.1
421,Можно только представить,7.3,Трогательный,Драма,7.4
421,Можно только представить,7.3,Трогательный,Музыка,7.4
421,Можно только представить,6.1,Романтичный,Драма,7.4
421,Можно только представить,6.1,Романтичный,Музыка,7.4
421,Можно только представить,6.1,Добрый,Драма,7.4
421,Можно только представить,6.1,Добрый,Музыка,7.4
428,Индиана Джонс и последний крестовый поход,7.9,Атмосферный,Боевик,8.2
428,Индиана Джонс и последний крестовый поход,7.9,Атмосферный,Приключения,8.2
428,Индиана Джонс и последний крестовый поход,7.1,Волнительный,Боевик,8.2
428,Индиана Джонс и последний крестовый поход,7.1,Волнительный,Приключения,8.2
428,Индиана Джонс и последний крестовый поход,5.2,Романтичный,Боевик,8.2
428,Индиана Джонс и последний крестовый поход,5.2,Романтичный,Приключения,8.2
434,Самый быстрый Indian,7.3,Трогательный,Драма,7.8
434,Самый быстрый Indian,7.1,Вдохновляющий,Драма,7.8
434,Самый быстрый Indian,5.9,Добрый,Драма,7.8
446,Воровка книг,7.8,Волнительный,Драма,7.5
446,Воровка книг,7.3,Трогательный,Драма,7.5
446,Воровка книг,6.9,Атмосферный,Драма,7.5
449,Любовь и милосердие,7.0,Романтичный,Драма,7.4
449,Любовь и милосердие,7.0,Романтичный,Музыка,7.4
449,Любовь и милосердие,7.0,Романтичный,История,7.4
449,Любовь и милосердие,6.2,Добрый,Драма,7.4
449,Любовь и милосердие,6.2,Добрый,Музыка,7.4
449,Любовь и милосердие,6.2,Добрый,История,7.4
449,Любовь и милосердие,6.1,Трогательный,Драма,7.4
449,Любовь и милосердие,6.1,Трогательный,Музыка,7.4
449,Любовь и милосердие,6.1,Трогательный,История,7.4
451,Пряности и страсти,7.5,Романтичный,Драма,7.3
451,Пряности и страсти,7.5,Романтичный,Комедия,7.3
451,Пряности и страсти,7.2,Добрый,Драма,7.3
451,Пряности и страсти,7.2,Добрый,Комедия,7.3
451,Пряности и страсти,7.0,Трогательный,Драма,7.3
451,Пряности и страсти,7.0,Трогательный,Комедия,7.3
455,Опус мистера Холланда,6.5,Трогательный,Драма,7.3
455,Опус мистера Холланда,6.5,Трогательный,Музыка,7.3
455,Опус мистера Холланда,6.5,Трогательный,Семейный,7.3
455,Опус мистера Холланда,5.3,Добрый,Драма,7.3
455,Опус мистера Холланда,5.3,Добрый,Музыка,7.3
455,Опус мистера Холланда,5.3,Добрый,Семейный,7.3
455,Опус мистера Холланда,5.2,Умный,Драма,7.3
455,Опус мистера Холланда,5.2,Умный,Музыка,7.3
455,Опус мистера Холланда,5.2,Умный,Семейный,7.3
457,Невероятная жизнь Уолтера Митти,7.4,Добрый,Драма,7.3
457,Невероятная жизнь Уолтера Митти,7.4,Добрый,Комедия,7.3
457,Невероятная жизнь Уолтера Митти,7.4,Добрый,Приключения,7.3
457,Невероятная жизнь Уолтера Митти,7.4,Добрый,Фэнтези,7.3
457,Невероятная жизнь Уолтера Митти,7.0,Вдохновляющий,Драма,7.3
457,Невероятная жизнь Уолтера Митти,7.0,Вдохновляющий,Комедия,7.3
457,Невероятная жизнь Уолтера Митти,7.0,Вдохновляющий,Приключения,7.3
457,Невероятная жизнь Уолтера Митти,7.0,Вдохновляющий,Фэнтези,7.3
457,Невероятная жизнь Уолтера Митти,6.1,Трогательный,Драма,7.3
457,Невероятная жизнь Уолтера Митти,6.1,Трогательный,Комедия,7.3
457,Невероятная жизнь Уолтера Митти,6.1,Трогательный,Приключения,7.3
457,Невероятная жизнь Уолтера Митти,6.1,Трогательный,Фэнтези,7.3
458,Агенты А.Н.К.Л.,7.5,Атмосферный,Комедия,7.3
458,Агенты А.Н.К.Л.,7.5,Атмосферный,Боевик,7.3
458,Агенты А.Н.К.Л.,7.5,Атмосферный,Приключения,7.3
458,Агенты А.Н.К.Л.,5.7,Волнительный,Комедия,7.3
458,Агенты А.Н.К.Л.,5.7,Волнительный,Боевик,7.3
458,Агенты А.Н.К.Л.,5.7,Волнительный,Приключения,7.3
458,Агенты А.Н.К.Л.,5.3,Вдохновляющий,Комедия,7.3
458,Агенты А.Н.К.Л.,5.3,Вдохновляющий,Боевик,7.3
458,Агенты А.Н.К.Л.,5.3,Вдохновляющий,Приключения,7.3
463,Агора,7.0,Атмосферный,Драма,7.2
463,Агора,7.0,Атмосферный,Приключения,7.2
463,Агора,7.0,Атмосферный,История,7.2
463,Агора,6.7,Волнительный,Драма,7.2
463,Агора,6.7,Волнительный,Приключения,7.2
463,Агора,6.7,Волнительный,История,7.2
463,Агора,5.5,Трогательный,Драма,7.2
463,Агора,5.5,Трогательный,Приключения,7.2
463,Агора,5.5,Трогательный,История,7.2
468,Меняющие реальность,7.1,Волнительный,Мелодрама,7.0
468,Меняющие реальность,7.1,Волнительный,Триллер,7.0
468,Меняющие реальность,7.1,Волнительный,Фантастика,7.0
468,Меняющие реальность,6.2,Романтичный,Мелодрама,7.0
468,Меняющие реальность,6.2,Романтичный,Триллер,7.0
468,Меняющие реальность,6.2,Романтичный,Фантастика,7.0
468,Меняющие реальность,5.8,Атмосферный,Мелодрама,7.0
468,Меняющие реальность,5.8,Атмосферный,Триллер,7.0
468,Меняющие реальность,5.8,Атмосферный,Фантастика,7.0
472,Полёт навигатора,7.4,Добрый,Семейный,6.9
472,Полёт навигатора,7.4,Добрый,Приключения,6.9
472,Полёт навигатора,7.4,Добрый,Фантастика,6.9
472,Полёт навигатора,6.0,Волнительный,Семейный,6.9
472,Полёт навигатора,6.0,Волнительный,Приключения,6.9
472,Полёт навигатора,6.0,Волнительный,Фантастика,6.9
472,Полёт навигатора,5.3,Атмосферный,Семейный,6.9
472,Полёт навигатора,5.3,Атмосферный,Приключения,6.9
472,Полёт навигатора,5.3,Атмосферный,Фантастика,6.9
473,"То, что ты делаешь",7.1,Трогательный,Драма,6.9
473,"То, что ты делаешь",7.1,Трогательный,Комедия,6.9
473,"То, что ты делаешь",7.1,Трогательный,Мелодрама,6.9
473,"То, что ты делаешь",7.1,Трогательный,Музыка,6.9
473,"То, что ты делаешь",7.0,Добрый,Драма,6.9
473,"То, что ты делаешь",7.0,Добрый,Комедия,6.9
473,"То, что ты делаешь",7.0,Добрый,Мелодрама,6.9
473,"То, что ты делаешь",7.0,Добрый,Музыка,6.9
473,"То, что ты делаешь",6.3,Романтичный,Драма,6.9
473,"То, что ты делаешь",6.3,Романтичный,Комедия,6.9
473,"То, что ты делаешь",6.3,Романтичный,Мелодрама,6.9
473,"То, что ты делаешь",6.3,Романтичный,Музыка,6.9
479,Зов предков,8.0,Трогательный,Драма,6.8
479,Зов предков,8.0,Трогательный,Семейный,6.8
479,Зов предков,8.0,Трогательный,Приключения,6.8
479,Зов предков,7.5,Добрый,Драма,6.8
479,Зов предков,7.5,Добрый,Семейный,6.8
479,Зов предков,7.5,Добрый,Приключения,6.8
479,Зов предков,6.1,Волнительный,Драма,6.8
479,Зов предков,6.1,Волнительный,Семейный,6.8
479,Зов предков,6.1,Волнительный,Приключения,6.8
480,Близнецы,7.5,Добрый,Драма,6.8
480,Близнецы,6.4,Трогательный,Драма,6.8
480,Близнецы,6.3,Романтичный,Драма,6.8
485,Чарли и шоколадная фабрика,7.5,Добрый,Комедия,6.6
485,Чарли и шоколадная фабрика,7.5,Добрый,Семейный,6.6
485,Чарли и шоколадная фабрика,7.5,Добрый,Приключения,6.6
485,Чарли и шоколадная фабрика,7.5,Добрый,Фэнтези,6.6
485,Чарли и шоколадная фабрика,5.8,Атмосферный,Комедия,6.6
485,Чарли и шоколадная фабрика,5.8,Атмосферный,Семейный,6.6
485,Чарли и шоколадная фабрика,5.8,Атмосферный,Приключения,6.6
485,Чарли и шоколадная фабрика,5.8,Атмосферный,Фэнтези,6.6
485,Чарли и шоколадная фабрика,5.6,Смешной,Комедия,6.6
485,Чарли и шоколадная фабрика,5.6,Смешной,Семейный,6.6
485,Чарли и шоколадная фабрика,5.6,Смешной,Приключения,6.6
485,Чарли и шоколадная фабрика,5.6,Смешной,Фэнтези,6.6
488,Алиса в Зазеркалье,7.8,Добрый,Семейный,6.2
488,Алиса в Зазеркалье,7.8,Добрый,Приключения,6.2
488,Алиса в Зазеркалье,7.8,Добрый,Фэнтези,6.2
488,Алиса в Зазеркалье,6.0,Странный,Семейный,6.2
488,Алиса в Зазеркалье,6.0,Странный,Приключения,6.2
488,Алиса в Зазеркалье,6.0,Странный,Фэнтези,6.2
488,Алиса в Зазеркалье,5.2,Атмосферный,Семейный,6.2
488,Алиса в Зазеркалье,5.2,Атмосферный,Приключения,6.2
488,Алиса в Зазеркалье,5.2,Атмосферный,Фэнтези,6.2
493,Властелин колец: Возвращение Короля,9.2,Атмосферный,Боевик,8.9
493,Властелин колец: Возвращение Короля,9.2,Атмосферный,Приключения,8.9
493,Властелин колец: Возвращение Короля,9.2,Атмосферный,Фэнтези,8.9
493,Властелин колец: Возвращение Короля,6.9,Волнительный,Боевик,8.9
493,Властелин колец: Возвращение Короля,6.9,Волнительный,Приключения,8.9
493,Властелин колец: Возвращение Короля,6.9,Волнительный,Фэнтези,8.9
493,Властелин колец: Возвращение Короля,5.9,Вдохновляющий,Боевик,8.9
493,Властелин колец: Возвращение Короля,5.9,Вдохновляющий,Приключения,8.9
493,Властелин колец: Возвращение Короля,5.9,Вдохновляющий,Фэнтези,8.9
497,Жизнь Пи,7.9,Трогательный,Драма,7.9
497,Жизнь Пи,7.9,Трогательный,Боевик,7.9
497,Жизнь Пи,7.9,Трогательный,Приключения,7.9
497,Жизнь Пи,7.0,Волнительный,Драма,7.9
497,Жизнь Пи,7.0,Волнительный,Боевик,7.9
497,Жизнь Пи,7.0,Волнительный,Приключения,7.9
497,Жизнь Пи,6.8,Атмосферный,Драма,7.9
497,Жизнь Пи,6.8,Атмосферный,Боевик,7.9
497,Жизнь Пи,6.8,Атмосферный,Приключения,7.9
498,Хористы,7.0,Добрый,Драма,7.9
498,Хористы,6.9,Трогательный,Драма,7.9
498,Хористы,6.4,Вдохновляющий,Драма,7.9
500,Кролик Джоджо,6.6,Добрый,Драма,7.9
500,Кролик Джоджо,6.6,Добрый,Комедия,7.9
500,Кролик Джоджо,6.6,Добрый,Военный,7.9
500,Кролик Джоджо,6.1,Смешной,Драма,7.9
500,Кролик Джоджо,6.1,Смешной,Комедия,7.9
500,Кролик Джоджо,6.1,Смешной,Военный,7.9
500,Кролик Джоджо,5.4,Трогательный,Драма,7.9
500,Кролик Джоджо,5.4,Трогательный,Комедия,7.9
500,Кролик Джоджо,5.4,Трогательный,Военный,7.9
505,Гордость и предубеждение,8.8,Романтичный,Драма,7.8
505,Гордость и предубеждение,8.8,Романтичный,Мелодрама,7.8
505,Гордость и предубеждение,6.5,Трогательный,Драма,7.8
505,Гордость и предубеждение,6.5,Трогательный,Мелодрама,7.8
505,Гордость и предубеждение,6.0,Добрый,Драма,7.8
505,Гордость и предубеждение,6.0,Добрый,Мелодрама,7.8
506,Вспоминая Титанов,6.9,Волнительный,Драма,7.8
506,Вспоминая Титанов,6.6,Вдохновляющий,Драма,7.8
506,Вспоминая Титанов,5.8,Трогательный,Драма,7.8
508,Империя Солнца,6.9,Волнительный,Драма,7.7
508,Империя Солнца,6.9,Волнительный,История,7.7
508,Империя Солнца,6.9,Волнительный,Военный,7.7
508,Империя Солнца,6.2,Вдохновляющий,Драма,7.7
508,Империя Солнца,6.2,Вдохновляющий,История,7.7
508,Империя Солнца,6.2,Вдохновляющий,Военный,7.7
508,Империя Солнца,5.6,Умный,Драма,7.7
508,Империя Солнца,5.6,Умный,История,7.7
508,Империя Солнца,5.6,Умный,Военный,7.7
525,Человек на Луне,7.8,Вдохновляющий,Драма,7.3
525,Человек на Луне,7.8,Вдохновляющий,История,7.3
525,Человек на Луне,7.7,Волнительный,Драма,7.3
525,Человек на Луне,7.7,Волнительный,История,7.3
525,Человек на Луне,6.5,Атмосферный,Драма,7.3
525,Человек на Луне,6.5,Атмосферный,История,7.3
538,"Я, робот",7.8,Атмосферный,Боевик,7.1
538,"Я, робот",7.8,Атмосферный,Фантастика,7.1
538,"Я, робот",6.4,Волнительный,Боевик,7.1
538,"Я, робот",6.4,Волнительный,Фантастика,7.1
538,"Я, робот",5.1,Вдохновляющий,Боевик,7.1
538,"Я, робот",5.1,Вдохновляющий,Фантастика,7.1
545,Война миров Z,6.8,Атмосферный,Драма,7.0
545,Война миров Z,6.8,Атмосферный,Боевик,7.0
545,Война миров Z,6.8,Атмосферный,Триллер,7.0
545,Война миров Z,6.8,Атмосферный,Ужасы,7.0
545,Война миров Z,6.8,Атмосферный,Фантастика,7.0
545,Война миров Z,6.5,Волнительный,Драма,7.0
545,Война миров Z,6.5,Волнительный,Боевик,7.0
545,Война миров Z,6.5,Волнительный,Триллер,7.0
545,Война миров Z,6.5,Волнительный,Ужасы,7.0
545,Война миров Z,6.5,Волнительный,Фантастика,7.0
545,Война миров Z,4.9,Страшный,Драма,7.0
545,Война миров Z,4.9,Страшный,Боевик,7.0
545,Война миров Z,4.9,Страшный,Триллер,7.0
545,Война миров Z,4.9,Страшный,Ужасы,7.0
545,Война миров Z,4.9,Страшный,Фантастика,7.0
547,Джейн Остин,8.2,Романтичный,Драма,7.0
547,Джейн Остин,8.2,Романтичный,Мелодрама,7.0
547,Джейн Остин,7.2,Трогательный,Драма,7.0
547,Джейн Остин,7.2,Трогательный,Мелодрама,7.0
547,Джейн Остин,6.2,Добрый,Драма,7.0
547,Джейн Остин,6.2,Добрый,Мелодрама,7.0
548,Мир Юрского периода,7.6,Атмосферный,Боевик,7.0
548,Мир Юрского периода,7.6,Атмосферный,Триллер,7.0
548,Мир Юрского периода,7.6,Атмосферный,Приключения,7.0
548,Мир Юрского периода,7.6,Атмосферный,Фантастика,7.0
548,Мир Юрского периода,7.6,Волнительный,Боевик,7.0
548,Мир Юрского периода,7.6,Волнительный,Триллер,7.0
548,Мир Юрского периода,7.6,Волнительный,Приключения,7.0
548,Мир Юрского периода,7.6,Волнительный,Фантастика,7.0
548,Мир Юрского периода,4.2,Добрый,Боевик,7.0
548,Мир Юрского периода,4.2,Добрый,Триллер,7.0
548,Мир Юрского периода,4.2,Добрый,Приключения,7.0
548,Мир Юрского периода,4.2,Добрый,Фантастика,7.0
553,Сёрфер души,7.2,Вдохновляющий,Драма,7.0
553,Сёрфер души,7.2,Вдохновляющий,Семейный,7.0
553,Сёрфер души,7.2,Волнительный,Драма,7.0
553,Сёрфер души,7.2,Волнительный,Семейный,7.0
553,Сёрфер души,6.1,Трогательный,Драма,7.0
553,Сёрфер души,6.1,Трогательный,Семейный,7.0
555,Новая рождественская сказка,7.6,Добрый,Драма,7.0
555,Новая рождественская сказка,7.6,Добрый,Комедия,7.0
555,Новая рождественская сказка,7.6,Добрый,Фэнтези,7.0
555,Новая рождественская сказка,7.2,Смешной,Драма,7.0
555,Новая рождественская сказка,7.2,Смешной,Комедия,7.0
555,Новая рождественская сказка,7.2,Смешной,Фэнтези,7.0
555,Новая рождественская сказка,5.3,Трогательный,Драма,7.0
555,Новая рождественская сказка,5.3,Трогательный,Комедия,7.0
555,Новая рождественская сказка,5.3,Трогательный,Фэнтези,7.0
561,Лучший стрелок,6.7,Романтичный,Драма,6.9
561,Лучший стрелок,6.7,Романтичный,Боевик,6.9
561,Лучший стрелок,6.7,Романтичный,Приключения,6.9
561,Лучший стрелок,6.4,Волнительный,Драма,6.9
561,Лучший стрелок,6.4,Волнительный,Боевик,6.9
561,Лучший стрелок,6.4,Волнительный,Приключения,6.9
561,Лучший стрелок,6.2,Трогательный,Драма,6.9
561,Лучший стрелок,6.2,Трогательный,Боевик,6.9
561,Лучший стрелок,6.2,Трогательный,Приключения,6.9
563,Интуиция,8.0,Романтичный,Драма,6.9
563,Интуиция,8.0,Романтичный,Комедия,6.9
563,Интуиция,8.0,Романтичный,Мелодрама,6.9
563,Интуиция,7.4,Трогательный,Драма,6.9
563,Интуиция,7.4,Трогательный,Комедия,6.9
563,Интуиция,7.4,Трогательный,Мелодрама,6.9
563,Интуиция,5.7,Добрый,Драма,6.9
563,Интуиция,5.7,Добрый,Комедия,6.9
563,Интуиция,5.7,Добрый,Мелодрама,6.9
564,Всегда говори «ДА»,8.3,Смешной,Комедия,6.8
564,Всегда говори «ДА»,8.3,Смешной,Мелодрама,6.8
564,Всегда говори «ДА»,8.0,Добрый,Комедия,6.8
564,Всегда говори «ДА»,8.0,Добрый,Мелодрама,6.8
564,Всегда говори «ДА»,6.5,Вдохновляющий,Комедия,6.8
564,Всегда говори «ДА»,6.5,Вдохновляющий,Мелодрама,6.8
567,Автостопом по галактике,7.6,Атмосферный,Комедия,6.7
567,Автостопом по галактике,7.6,Атмосферный,Семейный,6.7
567,Автостопом по галактике,7.6,Атмосферный,Приключения,6.7
567,Автостопом по галактике,7.6,Атмосферный,Фантастика,6.7
567,Автостопом по галактике,5.9,Смешной,Комедия,6.7
567,Автостопом по галактике,5.9,Смешной,Семейный,6.7
567,Автостопом по галактике,5.9,Смешной,Приключения,6.7
567,Автостопом по галактике,5.9,Смешной,Фантастика,6.7
567,Автостопом по галактике,5.0,Добрый,Комедия,6.7
567,Автостопом по галактике,5.0,Добрый,Семейный,6.7
567,Автостопом по галактике,5.0,Добрый,Приключения,6.7
567,Автостопом по галактике,5.0,Добрый,Фантастика,6.7
574,Букшоп,6.5,Трогательный,Драма,6.5
574,Букшоп,6.3,Вдохновляющий,Драма,6.5
574,Букшоп,6.0,Добрый,Драма,6.5
576,Салют-7,7.9,Волнительный,Драма,7.2
576,Салют-7,7.9,Волнительный,Боевик,7.2
576,Салют-7,7.9,Волнительный,Приключения,7.2
576,Салют-7,7.1,Атмосферный,Драма,7.2
576,Салют-7,7.1,Атмосферный,Боевик,7.2
576,Салют-7,7.1,Атмосферный,Приключения,7.2
576,Салют-7,7.1,Вдохновляющий,Драма,7.2
576,Салют-7,7.1,Вдохновляющий,Боевик,7.2
576,Салют-7,7.1,Вдохновляющий,Приключения,7.2
582,Головокружение,8.8,Волнительный,Мелодрама,8.3
582,Головокружение,8.8,Волнительный,Триллер,8.3
582,Головокружение,8.8,Волнительный,Детектив,8.3
582,Головокружение,7.2,Атмосферный,Мелодрама,8.3
582,Головокружение,7.2,Атмосферный,Триллер,8.3
582,Головокружение,7.2,Атмосферный,Детектив,8.3
582,Головокружение,6.4,Умный,Мелодрама,8.3
582,Головокружение,6.4,Умный,Триллер,8.3
582,Головокружение,6.4,Умный,Детектив,8.3
584,Монти Пайтон и священный Грааль,6.5,Добрый,Комедия,8.2
584,Монти Пайтон и священный Грааль,6.5,Добрый,Приключения,8.2
584,Монти Пайтон и священный Грааль,6.5,Добрый,Фэнтези,8.2
584,Монти Пайтон и священный Грааль,6.5,Смешной,Комедия,8.2
584,Монти Пайтон и священный Грааль,6.5,Смешной,Приключения,8.2
584,Монти Пайтон и священный Грааль,6.5,Смешной,Фэнтези,8.2
584,Монти Пайтон и священный Грааль,4.7,Умный,Комедия,8.2
584,Монти Пайтон и священный Грааль,4.7,Умный,Приключения,8.2
584,Монти Пайтон и священный Грааль,4.7,Умный,Фэнтези,8.2
591,Броненосец Потёмкин,7.5,Вдохновляющий,Драма,8.0
591,Броненосец Потёмкин,7.5,Вдохновляющий,История,8.0
591,Броненосец Потёмкин,7.4,Атмосферный,Драма,8.0
591,Броненосец Потёмкин,7.4,Атмосферный,История,8.0
591,Броненосец Потёмкин,6.7,Волнительный,Драма,8.0
591,Броненосец Потёмкин,6.7,Волнительный,История,8.0
595,Железный человек,7.4,Атмосферный,Боевик,7.9
595,Железный человек,7.4,Атмосферный,Приключения,7.9
595,Железный человек,7.4,Атмосферный,Фантастика,7.9
595,Железный человек,6.0,Волнительный,Боевик,7.9
595,Железный человек,6.0,Волнительный,Приключения,7.9
595,Железный человек,6.0,Волнительный,Фантастика,7.9
595,Железный человек,4.9,Вдохновляющий,Боевик,7.9
595,Железный человек,4.9,Вдохновляющий,Приключения,7.9
595,Железный человек,4.9,Вдохновляющий,Фантастика,7.9
610,Один дома,8.3,Добрый,Комедия,7.6
610,Один дома,8.3,Добрый,Семейный,7.6
610,Один дома,8.2,Смешной,Комедия,7.6
610,Один дома,8.2,Смешной,Семейный,7.6
610,Один дома,6.4,Атмосферный,Комедия,7.6
610,Один дома,6.4,Атмосферный,Семейный,7.6
614,Одарённая,7.1,Добрый,Драма,7.6
614,Одарённая,7.1,Добрый,Комедия,7.6
614,Одарённая,7.1,Добрый,Семейный,7.6
614,Одарённая,6.9,Трогательный,Драма,7.6
614,Одарённая,6.9,Трогательный,Комедия,7.6
614,Одарённая,6.9,Трогательный,Семейный,7.6
614,Одарённая,5.4,Вдохновляющий,Драма,7.6
614,Одарённая,5.4,Вдохновляющий,Комедия,7.6
614,Одарённая,5.4,Вдохновляющий,Семейный,7.6
619,Шерлок Холмс: Игра теней,7.7,Умный,Боевик,7.5
619,Шерлок Холмс: Игра теней,7.7,Умный,Криминал,7.5
619,Шерлок Холмс: Игра теней,7.7,Умный,Приключения,7.5
619,Шерлок Холмс: Игра теней,7.7,Умный,Детектив,7.5
619,Шерлок Холмс: Игра теней,7.4,Атмосферный,Боевик,7.5
619,Шерлок Холмс: Игра теней,7.4,Атмосферный,Криминал,7.5
619,Шерлок Холмс: Игра теней,7.4,Атмосферный,Приключения,7.5
619,Шерлок Холмс: Игра теней,7.4,Атмосферный,Детектив,7.5
619,Шерлок Холмс: Игра теней,6.2,Волнительный,Боевик,7.5
619,Шерлок Холмс: Игра теней,6.2,Волнительный,Криминал,7.5
619,Шерлок Холмс: Игра теней,6.2,Волнительный,Приключения,7.5
619,Шерлок Холмс: Игра теней,6.2,Волнительный,Детектив,7.5
625,Джуно,6.6,Добрый,Драма,7.4
625,Джуно,6.6,Добрый,Комедия,7.4
625,Джуно,6.6,Добрый,Мелодрама,7.4
625,Джуно,5.9,Трогательный,Драма,7.4
625,Джуно,5.9,Трогательный,Комедия,7.4
625,Джуно,5.9,Трогательный,Мелодрама,7.4
629,Прогулка,8.0,Волнительный,Драма,7.3
629,Прогулка,8.0,Волнительный,Триллер,7.3
629,Прогулка,8.0,Волнительный,Приключения,7.3
629,Прогулка,5.6,Атмосферный,Драма,7.3
629,Прогулка,5.6,Атмосферный,Триллер,7.3
629,Прогулка,5.6,Атмосферный,Приключения,7.3
635,Монстр,6.5,Жестокий,Драма,7.3
635,Монстр,6.5,Жестокий,Криминал,7.3
635,Монстр,5.8,Страшный,Драма,7.3
635,Монстр,5.8,Страшный,Криминал,7.3
635,Монстр,5.3,Волнительный,Драма,7.3
635,Монстр,5.3,Волнительный,Криминал,7.3
638,Звёздный путь 6: Неоткрытая страна,6.0,Атмосферный,Боевик,7.2
638,Звёздный путь 6: Неоткрытая страна,6.0,Атмосферный,Триллер,7.2
638,Звёздный путь 6: Неоткрытая страна,6.0,Атмосферный,Приключения,7.2
638,Звёздный путь 6: Неоткрытая страна,6.0,Атмосферный,Фантастика,7.2
638,Звёздный путь 6: Неоткрытая страна,6.0,Волнительный,Боевик,7.2
638,Звёздный путь 6: Неоткрытая страна,6.0,Волнительный,Триллер,7.2
638,Звёздный путь 6: Неоткрытая страна,6.0,Волнительный,Приключения,7.2
638,Звёздный путь 6: Неоткрытая страна,6.0,Волнительный,Фантастика,7.2
638,Звёздный путь 6: Неоткрытая страна,5.3,Трогательный,Боевик,7.2
638,Звёздный путь 6: Неоткрытая страна,5.3,Трогательный,Триллер,7.2
638,Звёздный путь 6: Неоткрытая страна,5.3,Трогательный,Приключения,7.2
638,Звёздный путь 6: Неоткрытая страна,5.3,Трогательный,Фантастика,7.2
641,Боевой конь,8.2,Трогательный,Драма,7.2
641,Боевой конь,8.2,Трогательный,Боевик,7.2
641,Боевой конь,8.2,Трогательный,Военный,7.2
641,Боевой конь,6.4,Волнительный,Драма,7.2
641,Боевой конь,6.4,Волнительный,Боевик,7.2
641,Боевой конь,6.4,Волнительный,Военный,7.2
641,Боевой конь,5.8,Вдохновляющий,Драма,7.2
641,Боевой конь,5.8,Вдохновляющий,Боевик,7.2
641,Боевой конь,5.8,Вдохновляющий,Военный,7.2
647,Майкл Джексон: Вот и всё,6.8,Волнительный,Документальный,7.2
647,Майкл Джексон: Вот и всё,6.8,Волнительный,Музыка,7.2
647,Майкл Джексон: Вот и всё,6.5,Трогательный,Документальный,7.2
647,Майкл Джексон: Вот и всё,6.5,Трогательный,Музыка,7.2
647,Майкл Джексон: Вот и всё,5.8,Вдохновляющий,Документальный,7.2
647,Майкл Джексон: Вот и всё,5.8,Вдохновляющий,Музыка,7.2
648,Призрак,6.9,Волнительный,Триллер,7.2
648,Призрак,6.9,Волнительный,Детектив,7.2
648,Призрак,6.1,Атмосферный,Триллер,7.2
648,Призрак,6.1,Атмосферный,Детектив,7.2
648,Призрак,5.2,Вдохновляющий,Триллер,7.2
648,Призрак,5.2,Вдохновляющий,Детектив,7.2
654,Железный человек 3,6.6,Атмосферный,Боевик,7.1
654,Железный человек 3,6.6,Атмосферный,Приключения,7.1
654,Железный человек 3,6.6,Атмосферный,Фантастика,7.1
654,Железный человек 3,6.0,Волнительный,Боевик,7.1
654,Железный человек 3,6.0,Волнительный,Приключения,7.1
654,Железный человек 3,6.0,Волнительный,Фантастика,7.1
654,Железный человек 3,5.1,Вдохновляющий,Боевик,7.1
654,Железный человек 3,5.1,Вдохновляющий,Приключения,7.1
654,Железный человек 3,5.1,Вдохновляющий,Фантастика,7.1
662,Тор,7.4,Атмосферный,Боевик,7.0
662,Тор,7.4,Атмосферный,Приключения,7.0
662,Тор,7.4,Атмосферный,Фэнтези,7.0
662,Тор,5.9,Волнительный,Боевик,7.0
662,Тор,5.9,Волнительный,Приключения,7.0
662,Тор,5.9,Волнительный,Фэнтези,7.0
662,Тор,4.7,Вдохновляющий,Боевик,7.0
662,Тор,4.7,Вдохновляющий,Приключения,7.0
662,Тор,4.7,Вдохновляющий,Фэнтези,7.0
665,Семейка Аддамс,7.4,Смешной,Комедия,6.9
665,Семейка Аддамс,7.4,Смешной,Ужасы,6.9
665,Семейка Аддамс,7.4,Смешной,Семейный,6.9
665,Семейка Аддамс,7.4,Смешной,Фэнтези,6.9
665,Семейка Аддамс,5.8,Атмосферный,Комедия,6.9
665,Семейка Аддамс,5.8,Атмосферный,Ужасы,6.9
665,Семейка Аддамс,5.8,Атмосферный,Семейный,6.9
665,Семейка Аддамс,5.8,Атмосферный,Фэнтези,6.9
665,Семейка Аддамс,5.3,Странный,Комедия,6.9
665,Семейка Аддамс,5.3,Странный,Ужасы,6.9
665,Семейка Аддамс,5.3,Странный,Семейный,6.9
665,Семейка Аддамс,5.3,Странный,Фэнтези,6.9
668,Люди в чёрном 3,7.2,Смешной,Комедия,6.8
668,Люди в чёрном 3,7.2,Смешной,Боевик,6.8
668,Люди в чёрном 3,7.2,Смешной,Фантастика,6.8
668,Люди в чёрном 3,5.8,Атмосферный,Комедия,6.8
668,Люди в чёрном 3,5.8,Атмосферный,Боевик,6.8
668,Люди в чёрном 3,5.8,Атмосферный,Фантастика,6.8
668,Люди в чёрном 3,4.9,Волнительный,Комедия,6.8
668,Люди в чёрном 3,4.9,Волнительный,Боевик,6.8
668,Люди в чёрном 3,4.9,Волнительный,Фантастика,6.8
677,Алиса в стране чудес,8.2,Добрый,Семейный,6.4
677,Алиса в стране чудес,8.2,Добрый,Приключения,6.4
677,Алиса в стране чудес,8.2,Добрый,Фэнтези,6.4
677,Алиса в стране чудес,6.8,Трогательный,Семейный,6.4
677,Алиса в стране чудес,6.8,Трогательный,Приключения,6.4
677,Алиса в стране чудес,6.8,Трогательный,Фэнтези,6.4
677,Алиса в стране чудес,5.2,Атмосферный,Семейный,6.4
677,Алиса в стране чудес,5.2,Атмосферный,Приключения,6.4
677,Алиса в стране чудес,5.2,Атмосферный,Фэнтези,6.4
681,Место встречи изменить нельзя,7.3,Волнительный,Боевик,8.8
681,Место встречи изменить нельзя,7.3,Волнительный,Криминал,8.8
681,Место встречи изменить нельзя,7.3,Волнительный,Детектив,8.8
681,Место встречи изменить нельзя,6.4,Вдохновляющий,Боевик,8.8
681,Место встречи изменить нельзя,6.4,Вдохновляющий,Криминал,8.8
681,Место встречи изменить нельзя,6.4,Вдохновляющий,Детектив,8.8
681,Место встречи изменить нельзя,5.4,Атмосферный,Боевик,8.8
681,Место встречи изменить нельзя,5.4,Атмосферный,Криминал,8.8
681,Место встречи изменить нельзя,5.4,Атмосферный,Детектив,8.8
687,Властелин колец: Братство кольца,9.3,Атмосферный,Боевик,8.8
687,Властелин колец: Братство кольца,9.3,Атмосферный,Приключения,8.8
687,Властелин колец: Братство кольца,9.3,Атмосферный,Фэнтези,8.8
687,Властелин колец: Братство кольца,6.3,Волнительный,Боевик,8.8
687,Властелин колец: Братство кольца,6.3,Волнительный,Приключения,8.8
687,Властелин колец: Братство кольца,6.3,Волнительный,Фэнтези,8.8
687,Властелин колец: Братство кольца,5.4,Вдохновляющий,Боевик,8.8
687,Властелин колец: Братство кольца,5.4,Вдохновляющий,Приключения,8.8
687,Властелин колец: Братство кольца,5.4,Вдохновляющий,Фэнтези,8.8
690,Звёздные войны: Эпизод 6 - Возвращение Джедая,8.6,Атмосферный,Боевик,8.3
690,Звёздные войны: Эпизод 6 - Возвращение Джедая,8.6,Атмосферный,Приключения,8.3
690,Звёздные войны: Эпизод 6 - Возвращение Джедая,8.6,Атмосферный,Фантастика,8.3
690,Звёздные войны: Эпизод 6 - Возвращение Джедая,6.6,Вдохновляющий,Боевик,8.3
690,Звёздные войны: Эпизод 6 - Возвращение Джедая,6.6,Вдохновляющий,Приключения,8.3
690,Звёздные войны: Эпизод 6 - Возвращение Джедая,6.6,Вдохновляющий,Фантастика,8.3
690,Звёздные войны: Эпизод 6 - Возвращение Джедая,5.8,Волнительный,Боевик,8.3
690,Звёздные войны: Эпизод 6 - Возвращение Джедая,5.8,Волнительный,Приключения,8.3
690,Звёздные войны: Эпизод 6 - Возвращение Джедая,5.8,Волнительный,Фантастика,8.3
692,Игры разума,8.6,Умный,Драма,8.2
692,Игры разума,8.6,Умный,Мелодрама,8.2
692,Игры разума,6.0,Волнительный,Драма,8.2
692,Игры разума,6.0,Волнительный,Мелодрама,8.2
692,Игры разума,5.3,Трогательный,Драма,8.2
692,Игры разума,5.3,Трогательный,Мелодрама,8.2
696,Малышка на миллион,8.2,Вдохновляющий,Драма,8.1
696,Малышка на миллион,7.8,Волнительный,Драма,8.1
696,Малышка на миллион,5.0,Трогательный,Драма,8.1
717,Исходный код,8.1,Волнительный,Триллер,7.5
717,Исходный код,8.1,Волнительный,Детектив,7.5
717,Исходный код,8.1,Волнительный,Фантастика,7.5
717,Исходный код,6.9,Атмосферный,Триллер,7.5
717,Исходный код,6.9,Атмосферный,Детектив,7.5
717,Исходный код,6.9,Атмосферный,Фантастика,7.5
717,Исходный код,6.3,Умный,Триллер,7.5
717,Исходный код,6.3,Умный,Детектив,7.5
717,Исходный код,6.3,Умный,Фантастика,7.5
720,"Дорога, дорога домой",6.5,Волнительный,Драма,7.4
720,"Дорога, дорога домой",6.5,Волнительный,Комедия,7.4
720,"Дорога, дорога домой",6.5,Трогательный,Драма,7.4
720,"Дорога, дорога домой",6.5,Трогательный,Комедия,7.4
720,"Дорога, дорога домой",5.5,Добрый,Драма,7.4
720,"Дорога, дорога домой",5.5,Добрый,Комедия,7.4
722,Неудобная правда,6.5,Волнительный,Документальный,7.4
722,Неудобная правда,5.5,Умный,Документальный,7.4
722,Неудобная правда,5.0,Вдохновляющий,Документальный,7.4
724,Большой переполох в маленьком Китае,6.4,Смешной,Комедия,7.3
724,Большой переполох в маленьком Китае,6.4,Смешной,Боевик,7.3
724,Большой переполох в маленьком Китае,6.4,Смешной,Приключения,7.3
724,Большой переполох в маленьком Китае,6.4,Смешной,Фэнтези,7.3
724,Большой переполох в маленьком Китае,5.6,Вдохновляющий,Комедия,7.3
724,Большой переполох в маленьком Китае,5.6,Вдохновляющий,Боевик,7.3
724,Большой переполох в маленьком Китае,5.6,Вдохновляющий,Приключения,7.3
724,Большой переполох в маленьком Китае,5.6,Вдохновляющий,Фэнтези,7.3
724,Большой переполох в маленьком Китае,5.0,Волнительный,Комедия,7.3
724,Большой переполох в маленьком Китае,5.0,Волнительный,Боевик,7.3
724,Большой переполох в маленьком Китае,5.0,Волнительный,Приключения,7.3
724,Большой переполох в маленьком Китае,5.0,Волнительный,Фэнтези,7.3
728,Сильверадо,6.8,Волнительный,Вестерн,7.2
728,Сильверадо,5.2,Атмосферный,Вестерн,7.2
728,Сильверадо,5.0,Вдохновляющий,Вестерн,7.2
729,Мост в Терабитию,8.1,Добрый,Драма,7.2
729,Мост в Терабитию,8.1,Добрый,Семейный,7.2
729,Мост в Терабитию,8.1,Добрый,Приключения,7.2
729,Мост в Терабитию,6.3,Трогательный,Драма,7.2
729,Мост в Терабитию,6.3,Трогательный,Семейный,7.2
729,Мост в Терабитию,6.3,Трогательный,Приключения,7.2
729,Мост в Терабитию,4.6,Романтичный,Драма,7.2
729,Мост в Терабитию,4.6,Романтичный,Семейный,7.2
729,Мост в Терабитию,4.6,Романтичный,Приключения,7.2
739,Шазам!,5.9,Добрый,Комедия,7.0
739,Шазам!,5.9,Добрый,Боевик,7.0
739,Шазам!,5.9,Добрый,Фэнтези,7.0
739,Шазам!,4.5,Волнительный,Комедия,7.0
739,Шазам!,4.5,Волнительный,Боевик,7.0
739,Шазам!,4.5,Волнительный,Фэнтези,7.0
747,История призрака,6.0,Страшный,Драма,6.9
747,История призрака,6.0,Страшный,Фэнтези,6.9
747,История призрака,5.4,Атмосферный,Драма,6.9
747,История призрака,5.4,Атмосферный,Фэнтези,6.9
747,История призрака,4.8,Жестокий,Драма,6.9
747,История призрака,4.8,Жестокий,Фэнтези,6.9
748,Каждому своё,7.2,Романтичный,Комедия,6.9
748,Каждому своё,6.4,Трогательный,Комедия,6.9
748,Каждому своё,5.2,Добрый,Комедия,6.9
760,Пеле: Рождение легенды,8.7,Вдохновляющий,Драма,7.2
760,Пеле: Рождение легенды,6.3,Добрый,Драма,7.2
760,Пеле: Рождение легенды,5.6,Умный,Драма,7.2
761,12 стульев,6.1,Вдохновляющий,Комедия,8.3
761,12 стульев,6.1,Вдохновляющий,Приключения,8.3
761,12 стульев,6.0,Волнительный,Комедия,8.3
761,12 стульев,6.0,Волнительный,Приключения,8.3
761,12 стульев,5.3,Смешной,Комедия,8.3
761,12 стульев,5.3,Смешной,Приключения,8.3
762,Большие надежды,7.8,Романтичный,Драма,6.4
762,Большие надежды,7.8,Романтичный,Мелодрама,6.4
762,Большие надежды,7.5,Трогательный,Драма,6.4
762,Большие надежды,7.5,Трогательный,Мелодрама,6.4
762,Большие надежды,6.6,Добрый,Драма,6.4
762,Большие надежды,6.6,Добрый,Мелодрама,6.4
765,Война токов,7.7,Умный,Драма,6.5
765,Война токов,7.7,Умный,История,6.5
765,Война токов,6.5,Волнительный,Драма,6.5
765,Война токов,6.5,Волнительный,История,6.5
765,Война токов,6.1,Вдохновляющий,Драма,6.5
765,Война токов,6.1,Вдохновляющий,История,6.5
771,На север через северо-запад,8.8,Волнительный,Триллер,8.3
771,На север через северо-запад,8.8,Волнительный,Детектив,8.3
771,На север через северо-запад,6.4,Умный,Триллер,8.3
771,На север через северо-запад,6.4,Умный,Детектив,8.3
771,На север через северо-запад,6.0,Атмосферный,Триллер,8.3
771,На север через северо-запад,6.0,Атмосферный,Детектив,8.3
773,Двойная страховка,7.2,Атмосферный,Криминал,8.3
773,Двойная страховка,7.2,Атмосферный,Детектив,8.3
773,Двойная страховка,5.7,Умный,Драма,8.3
773,Двойная страховка,5.7,Умный,Триллер,8.3
773,Двойная страховка,5.7,Умный,Криминал,8.3
773,Двойная страховка,5.7,Умный,Детектив,8.3
775,Самурай,7.6,Атмосферный,Триллер,8.1
775,Самурай,7.6,Атмосферный,Криминал,8.1
775,Самурай,7.5,Волнительный,Триллер,8.1
775,Самурай,7.5,Волнительный,Криминал,8.1
775,Самурай,5.5,Жестокий,Триллер,8.1
775,Самурай,5.5,Жестокий,Криминал,8.1
776,Солярис,7.7,Странный,Драма,8.1
776,Солярис,7.7,Странный,Детектив,8.1
776,Солярис,7.7,Странный,Фантастика,8.1
776,Солярис,6.8,Умный,Драма,8.1
776,Солярис,6.8,Умный,Детектив,8.1
776,Солярис,6.8,Умный,Фантастика,8.1
776,Солярис,5.5,Атмосферный,Драма,8.1
776,Солярис,5.5,Атмосферный,Детектив,8.1
776,Солярис,5.5,Атмосферный,Фантастика,8.1
785,Титаник,8.7,Романтичный,Драма,7.8
785,Титаник,8.7,Романтичный,Мелодрама,7.8
785,Титаник,7.5,Трогательный,Драма,7.8
785,Титаник,7.5,Трогательный,Мелодрама,7.8
785,Титаник,6.5,Волнительный,Драма,7.8
785,Титаник,6.5,Волнительный,Мелодрама,7.8
787,Пробуждение,7.7,Трогательный,Драма,7.8
787,Пробуждение,6.9,Добрый,Драма,7.8
787,Пробуждение,5.2,Вдохновляющий,Драма,7.8
789,Хоббит: Пустошь Смауга,7.9,Атмосферный,Боевик,7.8
789,Хоббит: Пустошь Смауга,7.9,Атмосферный,Приключения,7.8
789,Хоббит: Пустошь Смауга,7.9,Атмосферный,Фэнтези,7.8
789,Хоббит: Пустошь Смауга,6.2,Волнительный,Боевик,7.8
789,Хоббит: Пустошь Смауга,6.2,Волнительный,Приключения,7.8
789,Хоббит: Пустошь Смауга,6.2,Волнительный,Фэнтези,7.8
789,Хоббит: Пустошь Смауга,5.8,Добрый,Боевик,7.8
789,Хоббит: Пустошь Смауга,5.8,Добрый,Приключения,7.8
789,Хоббит: Пустошь Смауга,5.8,Добрый,Фэнтези,7.8
796,Социальная сеть,7.5,Вдохновляющий,Драма,7.7
796,Социальная сеть,7.3,Умный,Драма,7.7
796,Социальная сеть,4.8,Атмосферный,Драма,7.7
811,Книга джунглей,8.5,Добрый,Драма,7.4
811,Книга джунглей,8.5,Добрый,Семейный,7.4
811,Книга джунглей,8.5,Добрый,Приключения,7.4
811,Книга джунглей,8.5,Добрый,Фэнтези,7.4
811,Книга джунглей,6.5,Трогательный,Драма,7.4
811,Книга джунглей,6.5,Трогательный,Семейный,7.4
811,Книга джунглей,6.5,Трогательный,Приключения,7.4
811,Книга джунглей,6.5,Трогательный,Фэнтези,7.4
811,Книга джунглей,6.0,Вдохновляющий,Драма,7.4
811,Книга джунглей,6.0,Вдохновляющий,Семейный,7.4
811,Книга джунглей,6.0,Вдохновляющий,Приключения,7.4
811,Книга джунглей,6.0,Вдохновляющий,Фэнтези,7.4
812,Звёздный путь 4: Дорога Домой,7.0,Волнительный,Приключения,7.3
812,Звёздный путь 4: Дорога Домой,7.0,Волнительный,Фантастика,7.3
812,Звёздный путь 4: Дорога Домой,6.6,Атмосферный,Приключения,7.3
812,Звёздный путь 4: Дорога Домой,6.6,Атмосферный,Фантастика,7.3
812,Звёздный путь 4: Дорога Домой,6.5,Вдохновляющий,Приключения,7.3
812,Звёздный путь 4: Дорога Домой,6.5,Вдохновляющий,Фантастика,7.3
823,Ограды,8.3,Трогательный,Драма,7.2
823,Ограды,7.5,Волнительный,Драма,7.2
823,Ограды,5.7,Романтичный,Драма,7.2
829,Вердикт за деньги,7.0,Волнительный,Драма,7.1
829,Вердикт за деньги,7.0,Волнительный,Триллер,7.1
829,Вердикт за деньги,6.2,Умный,Драма,7.1
829,Вердикт за деньги,6.2,Умный,Триллер,7.1
829,Вердикт за деньги,5.6,Вдохновляющий,Драма,7.1
829,Вердикт за деньги,5.6,Вдохновляющий,Триллер,7.1
833,Ноттинг Хилл,8.1,Романтичный,Драма,7.1
833,Ноттинг Хилл,8.1,Романтичный,Комедия,7.1
833,Ноттинг Хилл,8.1,Романтичный,Мелодрама,7.1
833,Ноттинг Хилл,6.6,Трогательный,Драма,7.1
833,Ноттинг Хилл,6.6,Трогательный,Комедия,7.1
833,Ноттинг Хилл,6.6,Трогательный,Мелодрама,7.1
833,Ноттинг Хилл,6.5,Добрый,Драма,7.1
833,Ноттинг Хилл,6.5,Добрый,Комедия,7.1
833,Ноттинг Хилл,6.5,Добрый,Мелодрама,7.1
836,Слова,7.7,Романтичный,Драма,7.0
836,Слова,7.7,Романтичный,Триллер,7.0
836,Слова,6.8,Трогательный,Драма,7.0
836,Слова,6.8,Трогательный,Триллер,7.0
836,Слова,6.7,Волнительный,Драма,7.0
836,Слова,6.7,Волнительный,Триллер,7.0
839,Предместье,7.0,Добрый,Комедия,6.9
839,Предместье,7.0,Добрый,Триллер,6.9
839,Предместье,7.0,Добрый,Ужасы,6.9
839,Предместье,6.7,Волнительный,Комедия,6.9
839,Предместье,6.7,Волнительный,Триллер,6.9
839,Предместье,6.7,Волнительный,Ужасы,6.9
839,Предместье,5.3,Странный,Комедия,6.9
839,Предместье,5.3,Странный,Триллер,6.9
839,Предместье,5.3,Странный,Ужасы,6.9
840,История рыцаря,7.8,Романтичный,Драма,6.9
840,История рыцаря,7.8,Романтичный,Мелодрама,6.9
840,История рыцаря,7.8,Романтичный,Боевик,6.9
840,История рыцаря,7.8,Романтичный,Приключения,6.9
840,История рыцаря,6.4,Добрый,Драма,6.9
840,История рыцаря,6.4,Добрый,Мелодрама,6.9
840,История рыцаря,6.4,Добрый,Боевик,6.9
840,История рыцаря,6.4,Добрый,Приключения,6.9
840,История рыцаря,5.5,Трогательный,Драма,6.9
840,История рыцаря,5.5,Трогательный,Мелодрама,6.9
840,История рыцаря,5.5,Трогательный,Боевик,6.9
840,История рыцаря,5.5,Трогательный,Приключения,6.9
842,Плохие парни,8.0,Смешной,Комедия,6.9
842,Плохие парни,8.0,Смешной,Боевик,6.9
842,Плохие парни,8.0,Смешной,Триллер,6.9
842,Плохие парни,8.0,Смешной,Криминал,6.9
842,Плохие парни,5.5,Волнительный,Комедия,6.9
842,Плохие парни,5.5,Волнительный,Боевик,6.9
842,Плохие парни,5.5,Волнительный,Триллер,6.9
842,Плохие парни,5.5,Волнительный,Криминал,6.9
842,Плохие парни,5.4,Атмосферный,Комедия,6.9
842,Плохие парни,5.4,Атмосферный,Боевик,6.9
842,Плохие парни,5.4,Атмосферный,Триллер,6.9
842,Плохие парни,5.4,Атмосферный,Криминал,6.9
845,Ведьмы,6.7,Волнительный,Ужасы,6.9
845,Ведьмы,6.7,Волнительный,Семейный,6.9
845,Ведьмы,6.7,Волнительный,Приключения,6.9
845,Ведьмы,6.7,Волнительный,Фэнтези,6.9
845,Ведьмы,5.3,Добрый,Ужасы,6.9
845,Ведьмы,5.3,Добрый,Семейный,6.9
845,Ведьмы,5.3,Добрый,Приключения,6.9
845,Ведьмы,5.3,Добрый,Фэнтези,6.9
845,Ведьмы,5.1,Трогательный,Ужасы,6.9
845,Ведьмы,5.1,Трогательный,Семейный,6.9
845,Ведьмы,5.1,Трогательный,Приключения,6.9
845,Ведьмы,5.1,Трогательный,Фэнтези,6.9
846,Прямая и явная угроза,6.9,Волнительный,Драма,6.9
846,Прямая и явная угроза,6.9,Волнительный,Боевик,6.9
846,Прямая и явная угроза,6.9,Волнительный,Триллер,6.9
846,Прямая и явная угроза,6.4,Атмосферный,Драма,6.9
846,Прямая и явная угроза,6.4,Атмосферный,Боевик,6.9
846,Прямая и явная угроза,6.4,Атмосферный,Триллер,6.9
846,Прямая и явная угроза,5.8,Вдохновляющий,Драма,6.9
846,Прямая и явная угроза,5.8,Вдохновляющий,Боевик,6.9
846,Прямая и явная угроза,5.8,Вдохновляющий,Триллер,6.9
853,Игра Эндера,7.9,Атмосферный,Боевик,6.6
853,Игра Эндера,7.9,Атмосферный,Приключения,6.6
853,Игра Эндера,7.9,Атмосферный,Фантастика,6.6
853,Игра Эндера,5.8,Волнительный,Боевик,6.6
853,Игра Эндера,5.8,Волнительный,Приключения,6.6
853,Игра Эндера,5.8,Волнительный,Фантастика,6.6
853,Игра Эндера,5.7,Умный,Боевик,6.6
853,Игра Эндера,5.7,Умный,Приключения,6.6
853,Игра Эндера,5.7,Умный,Фантастика,6.6
856,Последний отпуск,8.1,Добрый,Драма,6.5
856,Последний отпуск,8.1,Добрый,Комедия,6.5
856,Последний отпуск,8.1,Добрый,Приключения,6.5
856,Последний отпуск,6.4,Романтичный,Драма,6.5
856,Последний отпуск,6.4,Романтичный,Комедия,6.5
856,Последний отпуск,6.4,Романтичный,Приключения,6.5
856,Последний отпуск,5.8,Вдохновляющий,Драма,6.5
856,Последний отпуск,5.8,Вдохновляющий,Комедия,6.5
856,Последний отпуск,5.8,Вдохновляющий,Приключения,6.5
857,Иллюзия обмана 2,7.3,Умный,Комедия,6.5
857,Иллюзия обмана 2,7.3,Умный,Боевик,6.5
857,Иллюзия обмана 2,7.3,Умный,Триллер,6.5
857,Иллюзия обмана 2,6.4,Атмосферный,Комедия,6.5
857,Иллюзия обмана 2,6.4,Атмосферный,Боевик,6.5
857,Иллюзия обмана 2,6.4,Атмосферный,Триллер,6.5
857,Иллюзия обмана 2,5.4,Вдохновляющий,Комедия,6.5
857,Иллюзия обмана 2,5.4,Вдохновляющий,Боевик,6.5
857,Иллюзия обмана 2,5.4,Вдохновляющий,Триллер,6.5
864,Не покидай...,7.8,Добрый,Комедия,7.9
864,Не покидай...,7.8,Добрый,Мелодрама,7.9
864,Не покидай...,7.8,Добрый,Семейный,7.9
864,Не покидай...,6.9,Атмосферный,Комедия,7.9
864,Не покидай...,6.9,Атмосферный,Мелодрама,7.9
864,Не покидай...,6.9,Атмосферный,Семейный,7.9
864,Не покидай...,6.8,Романтичный,Комедия,7.9
864,Не покидай...,6.8,Романтичный,Мелодрама,7.9
864,Не покидай...,6.8,Романтичный,Семейный,7.9
866,"Город, в котором меня нет",6.6,Волнительный,Триллер,6.4
866,"Город, в котором меня нет",6.6,Волнительный,Фэнтези,6.4
866,"Город, в котором меня нет",6.0,Трогательный,Триллер,6.4
866,"Город, в котором меня нет",6.0,Трогательный,Фэнтези,6.4
866,"Город, в котором меня нет",5.0,Добрый,Триллер,6.4
866,"Город, в котором меня нет",5.0,Добрый,Фэнтези,6.4
867,Энн из Зеленых крыш,8.1,Добрый,Драма,8.5
867,Энн из Зеленых крыш,8.1,Добрый,Семейный,8.5
867,Энн из Зеленых крыш,7.9,Трогательный,Драма,8.5
867,Энн из Зеленых крыш,7.9,Трогательный,Семейный,8.5
867,Энн из Зеленых крыш,6.6,Атмосферный,Драма,8.5
867,Энн из Зеленых крыш,6.6,Атмосферный,Семейный,8.5
876,Хатико: Самый верный друг,9.2,Трогательный,Драма,8.1
876,Хатико: Самый верный друг,9.2,Трогательный,Семейный,8.1
876,Хатико: Самый верный друг,7.5,Грустный,Драма,8.1
876,Хатико: Самый верный друг,7.5,Грустный,Семейный,8.1
876,Хатико: Самый верный друг,7.2,Добрый,Драма,8.1
876,Хатико: Самый верный друг,7.2,Добрый,Семейный,8.1
879,Верёвка,8.6,Волнительный,Триллер,8.0
879,Верёвка,8.6,Волнительный,Криминал,8.0
879,Верёвка,6.0,Атмосферный,Триллер,8.0
879,Верёвка,6.0,Атмосферный,Криминал,8.0
879,Верёвка,5.6,Умный,Триллер,8.0
879,Верёвка,5.6,Умный,Криминал,8.0
885,Идентификация Борна,7.9,Волнительный,Драма,7.9
885,Идентификация Борна,7.9,Волнительный,Боевик,7.9
885,Идентификация Борна,7.9,Волнительный,Триллер,7.9
885,Идентификация Борна,7.9,Волнительный,Детектив,7.9
885,Идентификация Борна,5.7,Атмосферный,Драма,7.9
885,Идентификация Борна,5.7,Атмосферный,Боевик,7.9
885,Идентификация Борна,5.7,Атмосферный,Триллер,7.9
885,Идентификация Борна,5.7,Атмосферный,Детектив,7.9
885,Идентификация Борна,4.9,Жестокий,Драма,7.9
885,Идентификация Борна,4.9,Жестокий,Боевик,7.9
885,Идентификация Борна,4.9,Жестокий,Триллер,7.9
885,Идентификация Борна,4.9,Жестокий,Детектив,7.9
886,Объединённая зона безопасности,6.0,Атмосферный,Драма,7.8
886,Объединённая зона безопасности,6.0,Атмосферный,Боевик,7.8
886,Объединённая зона безопасности,6.0,Атмосферный,Триллер,7.8
886,Объединённая зона безопасности,6.0,Атмосферный,Военный,7.8
886,Объединённая зона безопасности,5.9,Жестокий,Драма,7.8
886,Объединённая зона безопасности,5.9,Жестокий,Боевик,7.8
886,Объединённая зона безопасности,5.9,Жестокий,Триллер,7.8
886,Объединённая зона безопасности,5.9,Жестокий,Военный,7.8
886,Объединённая зона безопасности,5.6,Волнительный,Драма,7.8
886,Объединённая зона безопасности,5.6,Волнительный,Боевик,7.8
886,Объединённая зона безопасности,5.6,Волнительный,Триллер,7.8
886,Объединённая зона безопасности,5.6,Волнительный,Военный,7.8
895,Птицы,8.1,Волнительный,Ужасы,7.7
895,Птицы,6.5,Атмосферный,Ужасы,7.7
895,Птицы,5.5,Страшный,Ужасы,7.7
900,Мосты округа Мэдисон,7.5,Романтичный,Драма,7.6
900,Мосты округа Мэдисон,7.5,Романтичный,Мелодрама,7.6
900,Мосты округа Мэдисон,7.1,Трогательный,Драма,7.6
900,Мосты округа Мэдисон,7.1,Трогательный,Мелодрама,7.6
900,Мосты округа Мэдисон,5.9,Добрый,Драма,7.6
900,Мосты округа Мэдисон,5.9,Добрый,Мелодрама,7.6
906,Битлджюс,6.4,Странный,Комедия,7.5
906,Битлджюс,6.4,Странный,Фэнтези,7.5
906,Битлджюс,5.2,Смешной,Комедия,7.5
906,Битлджюс,5.2,Смешной,Фэнтези,7.5
906,Битлджюс,4.1,Волнительный,Комедия,7.5
906,Битлджюс,4.1,Волнительный,Фэнтези,7.5
918,Белый плен,8.4,Добрый,Драма,7.3
918,Белый плен,8.4,Добрый,Семейный,7.3
918,Белый плен,8.4,Добрый,Приключения,7.3
918,Белый плен,8.0,Трогательный,Драма,7.3
918,Белый плен,8.0,Трогательный,Семейный,7.3
918,Белый плен,8.0,Трогательный,Приключения,7.3
918,Белый плен,6.4,Волнительный,Драма,7.3
918,Белый плен,6.4,Волнительный,Семейный,7.3
918,Белый плен,6.4,Волнительный,Приключения,7.3
923,Спеши любить,8.7,Романтичный,Драма,7.3
923,Спеши любить,8.7,Романтичный,Мелодрама,7.3
923,Спеши любить,7.6,Трогательный,Драма,7.3
923,Спеши любить,7.6,Трогательный,Мелодрама,7.3
923,Спеши любить,6.3,Добрый,Драма,7.3
923,Спеши любить,6.3,Добрый,Мелодрама,7.3
925,Кон-Тики,7.7,Волнительный,Приключения,7.2
925,Кон-Тики,7.7,Волнительный,История,7.2
925,Кон-Тики,6.4,Вдохновляющий,Приключения,7.2
925,Кон-Тики,6.4,Вдохновляющий,История,7.2
925,Кон-Тики,5.0,Атмосферный,Приключения,7.2
925,Кон-Тики,5.0,Атмосферный,История,7.2
939,РЭД,6.9,Смешной,Комедия,7.0
939,РЭД,6.9,Смешной,Боевик,7.0
939,РЭД,6.9,Смешной,Триллер,7.0
939,РЭД,6.9,Смешной,Криминал,7.0
939,РЭД,6.9,Смешной,Приключения,7.0
939,РЭД,6.1,Атмосферный,Комедия,7.0
939,РЭД,6.1,Атмосферный,Боевик,7.0
939,РЭД,6.1,Атмосферный,Триллер,7.0
939,РЭД,6.1,Атмосферный,Криминал,7.0
939,РЭД,6.1,Атмосферный,Приключения,7.0
939,РЭД,5.8,Волнительный,Комедия,7.0
939,РЭД,5.8,Волнительный,Боевик,7.0
939,РЭД,5.8,Волнительный,Триллер,7.0
939,РЭД,5.8,Волнительный,Криминал,7.0
939,РЭД,5.8,Волнительный,Приключения,7.0
941,Час пик,8.1,Смешной,Комедия,7.0
941,Час пик,8.1,Смешной,Боевик,7.0
941,Час пик,8.1,Смешной,Криминал,7.0
941,Час пик,6.7,Добрый,Комедия,7.0
941,Час пик,6.7,Добрый,Боевик,7.0
941,Час пик,6.7,Добрый,Криминал,7.0
941,Час пик,4.7,Атмосферный,Комедия,7.0
941,Час пик,4.7,Атмосферный,Боевик,7.0
941,Час пик,4.7,Атмосферный,Криминал,7.0
944,Признания опасного человека,7.3,Волнительный,Драма,7.0
944,Признания опасного человека,7.3,Волнительный,Комедия,7.0
944,Признания опасного человека,7.3,Волнительный,Мелодрама,7.0
944,Признания опасного человека,7.3,Волнительный,Триллер,7.0
944,Признания опасного человека,7.3,Волнительный,Криминал,7.0
944,Признания опасного человека,6.7,Атмосферный,Драма,7.0
944,Признания опасного человека,6.7,Атмосферный,Комедия,7.0
944,Признания опасного человека,6.7,Атмосферный,Мелодрама,7.0
944,Признания опасного человека,6.7,Атмосферный,Триллер,7.0
944,Признания опасного человека,6.7,Атмосферный,Криминал,7.0
944,Признания опасного человека,5.2,Вдохновляющий,Драма,7.0
944,Признания опасного человека,5.2,Вдохновляющий,Комедия,7.0
944,Признания опасного человека,5.2,Вдохновляющий,Мелодрама,7.0
944,Признания опасного человека,5.2,Вдохновляющий,Триллер,7.0
944,Признания опасного человека,5.2,Вдохновляющий,Криминал,7.0
948,Грязные танцы,8.9,Романтичный,Драма,7.0
948,Грязные танцы,8.9,Романтичный,Мелодрама,7.0
948,Грязные танцы,8.9,Романтичный,Музыка,7.0
948,Грязные танцы,7.1,Трогательный,Драма,7.0
948,Грязные танцы,7.1,Трогательный,Мелодрама,7.0
948,Грязные танцы,7.1,Трогательный,Музыка,7.0
948,Грязные танцы,5.9,Вдохновляющий,Драма,7.0
948,Грязные танцы,5.9,Вдохновляющий,Мелодрама,7.0
948,Грязные танцы,5.9,Вдохновляющий,Музыка,7.0
951,В сердце моря,7.5,Волнительный,Драма,6.9
951,В сердце моря,7.5,Волнительный,Боевик,6.9
951,В сердце моря,7.5,Волнительный,Триллер,6.9
951,В сердце моря,7.5,Волнительный,Приключения,6.9
951,В сердце моря,7.5,Волнительный,История,6.9
951,В сердце моря,6.2,Трогательный,Драма,6.9
951,В сердце моря,6.2,Трогательный,Боевик,6.9
951,В сердце моря,6.2,Трогательный,Триллер,6.9
951,В сердце моря,6.2,Трогательный,Приключения,6.9
951,В сердце моря,6.2,Трогательный,История,6.9
951,В сердце моря,5.8,Атмосферный,Драма,6.9
951,В сердце моря,5.8,Атмосферный,Боевик,6.9
951,В сердце моря,5.8,Атмосферный,Триллер,6.9
951,В сердце моря,5.8,Атмосферный,Приключения,6.9
951,В сердце моря,5.8,Атмосферный,История,6.9
952,"Хроники Нарнии: Лев, колдунья и волшебный шкаф",8.7,Добрый,Семейный,6.9
952,"Хроники Нарнии: Лев, колдунья и волшебный шкаф",8.7,Добрый,Приключения,6.9
952,"Хроники Нарнии: Лев, колдунья и волшебный шкаф",8.7,Добрый,Фэнтези,6.9
952,"Хроники Нарнии: Лев, колдунья и волшебный шкаф",6.3,Трогательный,Семейный,6.9
952,"Хроники Нарнии: Лев, колдунья и волшебный шкаф",6.3,Трогательный,Приключения,6.9
952,"Хроники Нарнии: Лев, колдунья и волшебный шкаф",6.3,Трогательный,Фэнтези,6.9
952,"Хроники Нарнии: Лев, колдунья и волшебный шкаф",5.5,Атмосферный,Семейный,6.9
952,"Хроники Нарнии: Лев, колдунья и волшебный шкаф",5.5,Атмосферный,Приключения,6.9
952,"Хроники Нарнии: Лев, колдунья и волшебный шкаф",5.5,Атмосферный,Фэнтези,6.9
959,Тихая гавань,8.7,Романтичный,Мелодрама,6.7
959,Тихая гавань,8.7,Романтичный,Триллер,6.7
959,Тихая гавань,7.3,Трогательный,Мелодрама,6.7
959,Тихая гавань,7.3,Трогательный,Триллер,6.7
959,Тихая гавань,5.8,Добрый,Мелодрама,6.7
959,Тихая гавань,5.8,Добрый,Триллер,6.7
961,Хроники Риддика,7.6,Атмосферный,Боевик,6.7
961,Хроники Риддика,7.6,Атмосферный,Фантастика,6.7
961,Хроники Риддика,5.8,Волнительный,Боевик,6.7
961,Хроники Риддика,5.8,Волнительный,Фантастика,6.7
961,Хроники Риддика,5.2,Жестокий,Боевик,6.7
961,Хроники Риддика,5.2,Жестокий,Фантастика,6.7
964,Код Да Винчи,8.3,Атмосферный,Триллер,6.6
964,Код Да Винчи,8.3,Атмосферный,Детектив,6.6
964,Код Да Винчи,7.6,Волнительный,Триллер,6.6
964,Код Да Винчи,7.6,Волнительный,Детектив,6.6
964,Код Да Винчи,7.4,Умный,Триллер,6.6
964,Код Да Винчи,7.4,Умный,Детектив,6.6
965,"Жизнь, как она есть",7.4,Добрый,Драма,6.5
965,"Жизнь, как она есть",7.4,Добрый,Комедия,6.5
965,"Жизнь, как она есть",7.4,Добрый,Мелодрама,6.5
965,"Жизнь, как она есть",5.9,Смешной,Драма,6.5
965,"Жизнь, как она есть",5.9,Смешной,Комедия,6.5
965,"Жизнь, как она есть",5.9,Смешной,Мелодрама,6.5
965,"Жизнь, как она есть",5.7,Романтичный,Драма,6.5
965,"Жизнь, как она есть",5.7,Романтичный,Комедия,6.5
965,"Жизнь, как она есть",5.7,Романтичный,Мелодрама,6.5
968,Блондинка в законе,7.4,Добрый,Комедия,6.4
968,Блондинка в законе,6.8,Смешной,Комедия,6.4
968,Блондинка в законе,5.3,Романтичный,Комедия,6.4
970,Анатомия любви,8.0,Романтичный,Драма,6.3
970,Анатомия любви,8.0,Романтичный,Мелодрама,6.3
970,Анатомия любви,6.7,Трогательный,Драма,6.3
970,Анатомия любви,6.7,Трогательный,Мелодрама,6.3
970,Анатомия любви,5.6,Чувственный,Драма,6.3
970,Анатомия любви,5.6,Чувственный,Мелодрама,6.3
971,Лёд,8.6,Романтичный,Драма,6.9
971,Лёд,8.6,Романтичный,Комедия,6.9
971,Лёд,8.6,Романтичный,Мелодрама,6.9
971,Лёд,6.7,Трогательный,Драма,6.9
971,Лёд,6.7,Трогательный,Комедия,6.9
971,Лёд,6.7,Трогательный,Мелодрама,6.9
971,Лёд,6.0,Добрый,Драма,6.9
971,Лёд,6.0,Добрый,Комедия,6.9
971,Лёд,6.0,Добрый,Мелодрама,6.9
981,Энн из Зеленых крыш: Продолжение,7.5,Романтичный,Драма,8.4
981,Энн из Зеленых крыш: Продолжение,7.5,Романтичный,Мелодрама,8.4
981,Энн из Зеленых крыш: Продолжение,7.5,Романтичный,Семейный,8.4
981,Энн из Зеленых крыш: Продолжение,7.2,Добрый,Драма,8.4
981,Энн из Зеленых крыш: Продолжение,7.2,Добрый,Мелодрама,8.4
981,Энн из Зеленых крыш: Продолжение,7.2,Добрый,Семейный,8.4
981,Энн из Зеленых крыш: Продолжение,6.4,Трогательный,Драма,8.4
981,Энн из Зеленых крыш: Продолжение,6.4,Трогательный,Мелодрама,8.4
981,Энн из Зеленых крыш: Продолжение,6.4,Трогательный,Семейный,8.4
984,Начало,8.6,Атмосферный,Боевик,8.8
984,Начало,8.6,Атмосферный,Приключения,8.8
984,Начало,8.6,Атмосферный,Фантастика,8.8
984,Начало,8.0,Умный,Боевик,8.8
984,Начало,8.0,Умный,Приключения,8.8
984,Начало,8.0,Умный,Фантастика,8.8
984,Начало,6.3,Волнительный,Боевик,8.8
984,Начало,6.3,Волнительный,Приключения,8.8
984,Начало,6.3,Волнительный,Фантастика,8.8
991,В случае убийства набирайте «М»,8.6,Волнительный,Триллер,8.2
991,В случае убийства набирайте «М»,8.6,Волнительный,Криминал,8.2
991,В случае убийства набирайте «М»,5.8,Умный,Триллер,8.2
991,В случае убийства набирайте «М»,5.8,Умный,Криминал,8.2
991,В случае убийства набирайте «М»,5.6,Атмосферный,Триллер,8.2
991,В случае убийства набирайте «М»,5.6,Атмосферный,Криминал,8.2
994,Третий человек,8.9,Волнительный,Триллер,8.1
994,Третий человек,8.9,Волнительный,Детектив,8.1
994,Третий человек,6.4,Атмосферный,Триллер,8.1
994,Третий человек,6.4,Атмосферный,Детектив,8.1
994,Третий человек,4.9,Умный,Триллер,8.1
994,Третий человек,4.9,Умный,Детектив,8.1
996,Один,7.0,Волнительный,Комедия,8.1
996,Один,7.0,Волнительный,Мелодрама,8.1
996,Один,7.0,Волнительный,Боевик,8.1
996,Один,6.6,Атмосферный,Комедия,8.1
996,Один,6.6,Атмосферный,Мелодрама,8.1
996,Один,6.6,Атмосферный,Боевик,8.1
996,Один,6.4,Умный,Комедия,8.1
996,Один,6.4,Умный,Мелодрама,8.1
996,Один,6.4,Умный,Боевик,8.1
998,Воин,7.6,Вдохновляющий,Драма,8.1
998,Воин,7.6,Вдохновляющий,Боевик,8.1
998,Воин,5.6,Волнительный,Драма,8.1
998,Воин,5.6,Волнительный,Боевик,8.1
998,Воин,5.2,Атмосферный,Драма,8.1
998,Воин,5.2,Атмосферный,Боевик,8.1
