index,title,rating,emotion_1,rating_1,emotion_2,rating_2,emotion_3,rating_3
0,Тетрадь смерти,7.6,Атмосферный,7.7,Умный,7.4,Волнительный,7.0
1,Красота по-американски,8.3,Трогательный,7.6,Волнительный,7.1,Атмосферный,6.6
2,Смертный приговор,6.7,Волнительный,7.9,Трогательный,7.2,Атмосферный,6.9
3,Трасса 60,7.7,Вдохновляющий,7.1,Волнительный,6.6,Странный,6.3
4,Солнцестояние,7.1,Волнительный,6.8,Атмосферный,6.3,Романтичный,5.6
5,Паразит: Часть 1,6.9,Странный,7.3,Волнительный,6.9,Трогательный,6.2
6,1917,8.3,Вдохновляющий,7.5,Волнительный,7.4,Атмосферный,7.0
7,Абсолютная власть,6.5,Умный,6.9,Трогательный,6.2,Жестокий,5.5
8,Токийский гуль,5.7,Волнительный,7.5,Атмосферный,7.0,Жестокий,6.6
9,Отель Мумбаи: Противостояние,7.6,Волнительный,7.7,Трогательный,7.3,Жестокий,6.7
10,Восьмой класс,7.4,Добрый,6.9,Трогательный,6.2,Вдохновляющий,6.2
11,Лунный свет,7.4,Волнительный,7.7,Вдохновляющий,7.1,Трогательный,6.0
12,Экстази,7.2,Странный,6.3,Вдохновляющий,5.8,Глупый,5.8
13,Мэверик,7.0,Романтичный,7.3,Добрый,7.0,Вдохновляющий,6.7
14,Список Шиндлера,8.9,Грустный,8.4,Атмосферный,7.3,Волнительный,7.2
15,Андрей Рублёв,8.1,Умный,8.0,Трогательный,7.3,Вдохновляющий,7.3
16,Планета Ка-Пэкс,7.4,Странный,7.2,Волнительный,6.6,Добрый,6.4
17,"Набережная Орфевр, 36",7.1,Умный,7.2,Волнительный,6.8,Атмосферный,5.9
18,Нана,7.0,Трогательный,7.5,Добрый,7.4,Волнительный,7.1
19,Цель номер один,7.4,Вдохновляющий,6.6,Волнительный,5.8,Умный,5.5
20,Искусственный разум,7.2,Умный,7.9,Трогательный,6.8,Вдохновляющий,6.6
21,Охота на воров,7.0,Вдохновляющий,6.8,Добрый,6.3,Трогательный,5.8
22,Братья Систерс,6.9,Волнительный,6.8,Умный,6.5,Атмосферный,6.4
23,Вдовы,6.9,Трогательный,7.0,Волнительный,6.9,Умный,5.9
24,Охотники за разумом,6.4,Волнительный,6.8,Страшный,6.3,Жестокий,6.2
25,Малхолланд Драйв,7.9,Странный,6.8,Волнительный,6.6,Умный,6.5
26,Дело храбрых,7.6,Трогательный,8.0,Вдохновляющий,7.4,Атмосферный,7.0
27,Чёрный клановец,7.5,Волнительный,5.8,Странный,5.4,Жестокий,5.4
28,Смерть на похоронах,7.4,Смешной,6.9,Странный,6.6,Трогательный,5.5
29,Лабиринт,7.4,Трогательный,6.8,Атмосферный,6.6,Странный,6.5
30,Я иду искать,6.9,Волнительный,7.6,Атмосферный,5.4,Жестокий,5.2
31,"Дом, который построил Джек",6.8,Жестокий,7.8,Атмосферный,7.2,Волнительный,5.7
32,Лоро,6.7,Странный,7.2,Трогательный,7.0,Волнительный,5.7
33,Сирано. Успеть до премьеры,7.3,Трогательный,6.8,Добрый,6.8,Волнительный,6.4
34,Прекрасная эпоха,7.4,Трогательный,7.3,Романтичный,7.2,Вдохновляющий,6.6
35,Загадочная история Бенджамина Баттона,7.8,Трогательный,8.3,Романтичный,7.5,Волнительный,7.0
36,"Этот безумный, безумный, безумный, безумный мир",7.5,Атмосферный,7.4,Вдохновляющий,6.3,Смешной,6.0
37,Аризонская мечта,7.3,Трогательный,7.5,Добрый,6.8,Романтичный,6.7
38,В поисках галактики,7.3,Добрый,6.7,Глупый,6.0,Странный,5.4
39,Оверлорд,6.6,Страшный,6.8,Жестокий,6.5,Злой,6.4
40,Форрест Гамп,8.8,Добрый,8.7,Вдохновляющий,8.3,Трогательный,7.9
41,Общество мёртвых поэтов,8.1,Умный,7.4,Атмосферный,6.6,Вдохновляющий,6.3
42,8 с половиной,8.0,Умный,7.5,Волнительный,6.5,Атмосферный,6.3
43,Охота на дикарей,7.9,Волнительный,6.8,Странный,6.1,Добрый,6.1
44,Трудности перевода,7.7,Добрый,7.4,Трогательный,6.7,Умный,6.4
45,Назад в будущее III,7.4,Добрый,8.5,Волнительный,6.3,Вдохновляющий,5.6
46,В доме,7.4,Волнительный,7.0,Странный,6.6,Трогательный,6.3
47,Мисс Петтигрю,7.1,Добрый,7.4,Трогательный,6.1,Романтичный,6.0
48,Серьёзный человек,7.1,Трогательный,6.3,Умный,6.2,Странный,6.1
49,Bicentennial Man,6.9,Трогательный,7.7,Добрый,7.5,Умный,6.4
50,Из Ада,6.8,Волнительный,6.7,Трогательный,6.1,Романтичный,6.1
51,Время,6.7,Романтичный,7.2,Вдохновляющий,6.9,Волнительный,6.5
52,Таймлесс 3: Изумрудная книга,6.0,Романтичный,7.8,Добрый,7.3,Трогательный,5.3
53,Джокер,8.4,Атмосферный,8.0,Жестокий,6.9,Странный,5.0
54,Отель «Гранд Будапешт»,8.1,Атмосферный,8.1,Странный,6.0,Волнительный,5.7
55,Господин Никто,7.8,Трогательный,6.7,Романтичный,6.5,Странный,6.0
56,Прочь,7.7,Волнительный,7.1,Атмосферный,6.6,Страшный,6.2
57,Кокаин,7.6,Волнительный,7.0,Атмосферный,6.8,Трогательный,5.8
58,Страна садов,7.4,Трогательный,6.9,Добрый,6.7,Странный,6.6
59,Игры дьявола,7.3,Волнительный,7.3,Умный,6.3,Атмосферный,6.2
60,Т2: Трейнспоттинг,7.2,Атмосферный,6.3,Волнительный,6.2,Вдохновляющий,5.7
61,"Тише... тише, милая Шарлотта",7.6,Трогательный,6.2,Волнительный,6.0,Атмосферный,5.9
62,99 франков,7.3,Вдохновляющий,6.9,Волнительный,6.5,Добрый,5.9
63,Корпорация «Еда»,7.8,Странный,5.8,Вдохновляющий,5.6,Смешной,5.4
64,Рэй,7.7,Вдохновляющий,7.8,Волнительный,5.7,Добрый,5.5
65,Фотоувеличение,7.6,Романтичный,6.3,Вдохновляющий,6.1,Атмосферный,5.8
66,Левиафан,7.6,Атмосферный,7.0,Грустный,6.0,Волнительный,6.0
67,Тони Эрдманн,7.4,Волнительный,5.9,Вдохновляющий,5.7,Добрый,5.5
68,Хорошее время,7.4,Волнительный,6.5,Трогательный,5.8,Умный,5.2
69,Выживут только любовники,7.3,Романтичный,7.1,Волнительный,5.7,Атмосферный,5.3
70,Образование,7.2,Трогательный,7.2,Добрый,6.5,Вдохновляющий,6.2
71,Она,7.1,Волнительный,7.8,Трогательный,7.0,Вдохновляющий,5.9
72,Секретарша,7.0,Волнительный,7.2,Трогательный,7.0,Романтичный,6.8
73,Человек-муравей и Оса,7.0,Волнительный,6.5,Атмосферный,5.7,Добрый,5.5
74,Настоящие гении,7.0,Вдохновляющий,6.4,Волнительный,6.1,Трогательный,5.7
75,Меня там нет,6.9,Вдохновляющий,7.1,Умный,5.7,Добрый,5.3
76,Зеркало,8.1,Трогательный,7.7,Волнительный,6.9,Добрый,5.4
77,Крупная рыба,8.0,Трогательный,6.8,Добрый,6.3,Вдохновляющий,5.5
78,"Я, Дэниел Блэйк",7.9,Добрый,6.9,Трогательный,6.2,Вдохновляющий,5.5
79,Ночи в стиле буги,7.9,Романтичный,6.1,Странный,5.7,Чувственный,5.0
80,Соучастник,7.5,Волнительный,7.3,Умный,6.0,Жестокий,5.1
81,Невыносимая легкость бытия,7.3,Чувственный,6.5,Романтичный,6.5,Волнительный,6.3
82,Смертельное оружие 4,6.6,Атмосферный,6.5,Волнительный,6.2,Смешной,4.9
83,"Ревущие двадцатые, или Судьба солдата в Америке",7.9,Волнительный,6.7,Трогательный,6.1,Романтичный,6.0
84,Закону тут не место,6.4,Добрый,7.0,Смешной,6.7,Трогательный,5.4
85,После работы,7.7,Смешной,6.3,Добрый,5.4,Волнительный,5.0
86,Учитель на замену,7.7,Волнительный,6.2,Трогательный,6.0,Умный,5.5
87,Рыбка по имени Ванда,7.5,Добрый,6.7,Волнительный,5.6,Смешной,5.3
88,Покидая Лас-Вегас,7.5,Трогательный,7.0,Волнительный,6.8,Романтичный,5.9
89,Человек-муравей,7.3,Атмосферный,7.2,Волнительный,5.5,Смешной,5.0
90,Транс,6.9,Волнительный,6.8,Атмосферный,5.3,Умный,5.1
91,Полный облом,6.8,Волнительный,5.9,Смешной,5.7,Странный,5.1
92,Оборотни,5.0,Волнительный,7.1,Страшный,6.2,Атмосферный,4.9
93,Мир принадлежит тебе,6.4,Романтичный,6.7,Добрый,6.3,Трогательный,5.7
94,Жаркие летние ночи,6.4,Романтичный,6.5,Трогательный,6.3,Волнительный,5.7
95,Море внутри,8.0,Трогательный,6.7,Добрый,6.5,Вдохновляющий,5.3
96,Резня,7.2,Волнительный,6.3,Глупый,5.3,Смешной,4.6
97,Магазинчик ужасов,7.0,Атмосферный,5.6,Странный,5.3,Страшный,5.1
98,Второй шанс,6.9,Волнительный,6.7,Вдохновляющий,5.1,Атмосферный,4.7
99,Смерть и жизнь Джона Ф. Донована,6.2,Волнительный,6.9,Трогательный,6.9,Грустный,5.0
100,Бартон Финк,7.7,Добрый,6.7,Трогательный,5.5,Волнительный,4.8
101,Свет вокруг,7.4,Трогательный,6.5,Волнительный,5.8,Атмосферный,5.0
102,Аквариум,7.3,Трогательный,6.6,Волнительный,6.0,Странный,4.8
103,День сурка,8.0,Романтичный,8.5,Добрый,8.2,Смешной,7.2
104,Пираты Карибского моря: На краю света,7.1,Атмосферный,8.6,Смешной,7.5,Волнительный,6.8
105,Индиана Джонс: В поисках утраченного ковчега,8.4,Атмосферный,7.3,Добрый,6.9,Вдохновляющий,6.8
106,Облачный атлас,7.4,Добрый,7.5,Атмосферный,7.3,Умный,7.0
107,Страсти Христовы,7.2,Волнительный,8.0,Атмосферный,6.9,Жестокий,6.8
108,Побег из Шоушенка,9.3,Вдохновляющий,8.7,Умный,8.3,Волнительный,7.2
109,Назад в будущее,8.5,Добрый,8.7,Смешной,6.8,Умный,6.4
110,Мальчик в полосатой пижаме,7.8,Грустный,8.8,Волнительный,8.3,Трогательный,8.0
111,Назад в будущее II,7.8,Добрый,8.3,Смешной,6.9,Атмосферный,6.0
112,Мулен Руж,7.6,Романтичный,8.2,Трогательный,7.6,Атмосферный,7.3
113,Другие,7.6,Атмосферный,8.5,Страшный,7.3,Волнительный,7.2
114,Гарри Поттер и орден Феникса,7.5,Атмосферный,8.4,Добрый,7.6,Волнительный,7.1
115,Авиатор,7.5,Вдохновляющий,8.1,Атмосферный,7.4,Волнительный,6.4
116,Пираты Карибского моря: Сундук мертвеца,7.3,Атмосферный,7.8,Смешной,7.1,Волнительный,6.8
117,Бойцовский клуб,8.8,Атмосферный,8.5,Жестокий,6.6,Умный,5.9
118,Молчание ягнят,8.6,Жестокий,7.7,Атмосферный,7.6,Страшный,7.3
119,Умница Уилл Хантинг,8.3,Умный,7.7,Трогательный,7.5,Волнительный,7.0
120,Иди и смотри,8.3,Жестокий,9.0,Страшный,6.8,Грустный,6.5
121,Шоу Трумана,8.1,Трогательный,8.3,Добрый,7.8,Смешной,6.7
122,Тор: Рагнарёк,7.9,Волнительный,7.4,Атмосферный,7.1,Вдохновляющий,6.4
123,Артист,7.9,Романтичный,8.2,Вдохновляющий,6.8,Добрый,6.3
124,Луна 2112,7.8,Волнительный,7.3,Умный,7.0,Атмосферный,6.5
125,Маленькие женщины,7.8,Трогательный,7.8,Романтичный,7.5,Добрый,7.4
126,Гарри Поттер и Кубок огня,7.7,Атмосферный,8.3,Добрый,8.0,Волнительный,7.3
127,Пятый элемент,7.7,Атмосферный,8.1,Волнительный,6.6,Романтичный,6.3
128,Счастливое число Слевина,7.7,Атмосферный,7.8,Умный,7.2,Жестокий,6.2
129,Человек-паук. Возвращение домой,7.4,Волнительный,6.8,Добрый,6.8,Вдохновляющий,6.4
130,Ограбление по-итальянски,7.3,Волнительный,7.3,Умный,6.9,Атмосферный,6.6
131,Догма,7.3,Странный,7.4,Смешной,7.1,Умный,5.8
132,Дорога,7.2,Атмосферный,8.0,Волнительный,7.7,Жестокий,6.0
133,Джеки,6.7,Романтичный,7.8,Трогательный,7.3,Добрый,7.1
134,12 лет рабства,8.1,Волнительный,8.0,Трогательный,7.0,Вдохновляющий,6.4
135,Пираты Карибского моря: Проклятие Чёрной жемчужины,8.0,Атмосферный,8.7,Смешной,7.3,Романтичный,5.9
136,Миллионер из трущоб,8.0,Трогательный,8.5,Волнительный,7.6,Вдохновляющий,7.1
137,Гарри Поттер и узник Азкабана,7.9,Добрый,8.0,Атмосферный,7.6,Волнительный,6.5
138,Изгой,7.8,Трогательный,7.7,Вдохновляющий,7.7,Волнительный,7.7
139,Величайший шоумен,7.6,Трогательный,7.4,Добрый,7.1,Вдохновляющий,6.8
140,Сплит,7.3,Волнительный,8.1,Атмосферный,7.1,Страшный,5.3
141,Ограбление на Бейкер-Стрит,7.2,Волнительный,7.5,Вдохновляющий,6.8,Умный,6.7
142,Мотылёк,7.2,Волнительный,7.6,Атмосферный,6.6,Вдохновляющий,6.3
143,Дворецкий,7.2,Трогательный,7.9,Добрый,6.9,Умный,6.9
144,Август,7.2,Волнительный,6.8,Умный,6.5,Вдохновляющий,6.4
145,Новый Человек-паук,6.9,Волнительный,7.2,Атмосферный,6.4,Вдохновляющий,6.2
146,Антихрист,6.6,Страшный,6.8,Странный,6.8,Жестокий,6.1
147,Аэронавты,6.6,Вдохновляющий,7.7,Волнительный,6.3,Добрый,6.1
148,Голодные игры: Сойка-пересмешница. Часть 1,6.6,Волнительный,7.5,Вдохновляющий,6.9,Романтичный,6.2
149,Пианист,8.5,Трогательный,8.4,Волнительный,7.9,Вдохновляющий,7.1
150,Дерсу Узала,8.3,Умный,7.3,Волнительный,6.0,Добрый,6.0
151,На игле,8.1,Атмосферный,7.5,Волнительный,6.3,Странный,6.3
152,Изгой-один: Звёздные войны. Истории,7.8,Атмосферный,7.3,Вдохновляющий,7.1,Волнительный,7.1
153,Поезд в Пусан,7.6,Атмосферный,7.0,Волнительный,6.5,Страшный,6.0
154,Середина 90-х,7.4,Вдохновляющий,6.8,Волнительный,6.3,Умный,6.2
155,Их собственная лига,7.3,Вдохновляющий,6.7,Романтичный,6.5,Добрый,6.1
156,Джерри Магуайер,7.3,Трогательный,7.2,Романтичный,7.2,Вдохновляющий,6.9
157,Благодетель,7.2,Добрый,7.0,Трогательный,6.9,Волнительный,6.4
158,Зеленая комната,7.0,Волнительный,7.6,Атмосферный,6.5,Страшный,5.7
159,Человек – швейцарский нож,7.0,Странный,8.4,Трогательный,6.6,Волнительный,6.2
160,Рука на миллион,7.0,Вдохновляющий,7.4,Добрый,6.1,Атмосферный,6.0
161,7 дней и ночей с Мэрилин,6.9,Волнительный,7.4,Трогательный,7.3,Романтичный,7.0
162,Ван Гог. На пороге вечности,6.9,Трогательный,7.4,Волнительный,6.6,Вдохновляющий,6.5
163,Воображариум доктора Парнаса,6.8,Странный,7.4,Трогательный,6.7,Волнительный,6.4
164,Финансовый монстр,6.5,Умный,7.0,Вдохновляющий,7.0,Трогательный,6.6
165,Гений,6.6,Вдохновляющий,7.7,Умный,7.2,Волнительный,6.8
166,Колетт,6.7,Романтичный,7.8,Трогательный,7.0,Умный,6.0
167,Храброе сердце,8.3,Вдохновляющий,8.1,Волнительный,7.4,Атмосферный,7.3
168,Запах женщины,8.0,Трогательный,7.6,Романтичный,7.5,Добрый,6.1
169,Марсианин,8.0,Атмосферный,8.0,Волнительный,7.8,Умный,7.4
170,Любовь,7.9,Романтичный,7.3,Трогательный,6.9,Добрый,6.3
171,Машинист,7.7,Странный,7.3,Волнительный,7.0,Страшный,5.5
172,Арахисовый сокол,7.6,Добрый,7.3,Вдохновляющий,6.9,Трогательный,5.6
173,Шоссе в Никуда,7.6,Атмосферный,6.9,Волнительный,6.8,Странный,6.7
174,Гарри Поттер и философский камень,7.6,Атмосферный,8.2,Добрый,8.2,Волнительный,7.4
175,Баффало 66,7.5,Волнительный,6.9,Трогательный,6.7,Романтичный,6.4
176,Август Раш,7.5,Трогательный,7.6,Добрый,7.4,Вдохновляющий,7.0
177,Парфюмер: История одного убийцы,7.5,Атмосферный,7.0,Жестокий,6.9,Волнительный,6.0
178,Кит,7.4,Романтичный,8.3,Добрый,7.7,Трогательный,5.8
179,Патриот,7.2,Атмосферный,7.7,Волнительный,6.6,Вдохновляющий,6.3
180,Тропы,7.2,Вдохновляющий,7.4,Добрый,6.3,Трогательный,6.2
181,Мы были солдатами,7.2,Волнительный,7.6,Вдохновляющий,6.5,Романтичный,5.6
182,"Человек, который познал бесконечность",7.2,Вдохновляющий,7.2,Трогательный,6.4,Волнительный,6.0
183,Искатель воды,7.0,Вдохновляющий,6.7,Романтичный,6.4,Атмосферный,6.3
184,Охотник на лис,7.0,Вдохновляющий,6.9,Волнительный,6.6,Умный,5.6
185,Джуманджи,7.0,Волнительный,8.2,Добрый,7.1,Атмосферный,5.4
186,Фрэнк,7.0,Добрый,7.3,Смешной,7.0,Вдохновляющий,5.9
187,Путешествие Гектора в поисках счастья,7.0,Добрый,7.7,Трогательный,7.3,Романтичный,7.3
188,Робин Гуд: Принц воров,6.9,Волнительный,7.4,Вдохновляющий,6.8,Атмосферный,6.7
189,Сокровище нации,6.9,Волнительный,7.2,Атмосферный,6.8,Вдохновляющий,5.7
190,Экзамен,6.8,Волнительный,7.1,Атмосферный,6.1,Умный,5.6
191,Никогда не сдавайся,6.6,Вдохновляющий,8.3,Волнительный,6.6,Трогательный,5.6
192,Что скрывает ложь,6.6,Волнительный,8.2,Умный,6.1,Грустный,5.0
193,Красный воробей,6.6,Волнительный,6.4,Странный,6.3,Жестокий,5.3
194,Особенные,7.4,Трогательный,7.9,Добрый,7.3,Волнительный,6.3
195,Невероятные приключения ДжоДжо,5.8,Атмосферный,6.4,Вдохновляющий,6.3,Волнительный,5.8
196,Зелёная миля,8.6,Трогательный,9.2,Волнительный,8.7,Грустный,7.3
197,Одержимость,8.5,Вдохновляющий,8.4,Атмосферный,7.1,Волнительный,7.1
198,Нефть,8.2,Волнительный,7.3,Умный,6.9,Атмосферный,6.8
199,"Карты, деньги, два ствола",8.2,Атмосферный,7.2,Смешной,7.2,Жестокий,6.9
200,Зелёная книга,8.2,Трогательный,8.0,Вдохновляющий,7.8,Добрый,7.4
201,Китайский квартал,8.2,Волнительный,9.0,Атмосферный,8.3,Умный,6.9
202,Король говорит!,8.0,Вдохновляющий,8.5,Умный,7.3,Добрый,6.5
203,Меня зовут Кхан,8.0,Трогательный,7.1,Романтичный,6.7,Добрый,6.4
204,Эдвард руки-ножницы,7.9,Трогательный,8.2,Странный,6.1,Грустный,5.9
205,Прибытие,7.9,Волнительный,7.6,Атмосферный,6.8,Умный,6.8
206,Лучшее предложение,7.8,Волнительный,7.6,Умный,6.1,Атмосферный,5.9
207,Омерзительная восьмёрка,7.8,Атмосферный,8.3,Жестокий,8.2,Волнительный,6.1
208,Адаптация,7.7,Добрый,6.4,Странный,6.0,Вдохновляющий,5.4
209,Небраска,7.7,Трогательный,7.1,Волнительный,6.8,Вдохновляющий,5.6
210,Возвращение,7.6,Волнительный,7.0,Романтичный,6.0,Трогательный,6.0
211,Семь жизней,7.6,Трогательный,8.7,Добрый,7.6,Волнительный,5.6
212,Сомнение,7.5,Волнительный,6.2,Умный,5.9,Трогательный,5.9
213,Хоббит: Битва пяти воинств,7.4,Атмосферный,8.7,Волнительный,7.1,Вдохновляющий,6.8
214,Гарри Поттер и тайная комната,7.4,Атмосферный,9.1,Добрый,7.9,Волнительный,6.0
215,Фрида,7.4,Вдохновляющий,8.2,Трогательный,6.0,Волнительный,5.6
216,Горе-творец,7.3,Атмосферный,6.4,Волнительный,5.8,Вдохновляющий,5.3
217,Иллюзия обмана,7.2,Умный,7.8,Волнительный,7.5,Атмосферный,6.9
218,Лекарь: Ученик Авиценны,7.2,Вдохновляющий,7.8,Умный,5.3,Романтичный,5.2
219,Миссия: невыполнима,7.1,Атмосферный,8.0,Волнительный,8.0,Вдохновляющий,7.8
220,Ничего хорошего в отеле «Эль рояль»,7.1,Волнительный,7.5,Атмосферный,6.5,Жестокий,5.4
221,Малефисента,7.0,Добрый,7.3,Трогательный,7.3,Атмосферный,7.1
222,Куда приводят мечты,7.0,Трогательный,8.0,Добрый,6.3,Романтичный,6.3
223,Иностранец,7.0,Волнительный,7.0,Атмосферный,6.0,Жестокий,5.8
224,Экстаз,7.0,Волнительный,6.3,Чувственный,5.9,Атмосферный,5.7
225,Легенда,6.9,Волнительный,7.0,Атмосферный,6.4,Умный,5.1
226,Мистер Холмс,6.9,Атмосферный,6.5,Умный,6.5,Вдохновляющий,6.2
227,Пазманский дьявол,6.8,Вдохновляющий,6.9,Волнительный,5.9,Глупый,5.3
228,Капитан Марвел,6.8,Атмосферный,6.8,Вдохновляющий,6.7,Волнительный,5.7
229,Джуманджи: Новый уровень,6.7,Атмосферный,7.2,Волнительный,7.0,Добрый,6.9
230,Служители закона,6.6,Волнительный,7.8,Вдохновляющий,6.9,Атмосферный,6.7
231,Шеф Адам Джонс,6.6,Добрый,7.4,Вдохновляющий,6.9,Трогательный,5.7
232,Мама!,6.6,Странный,7.2,Трогательный,5.5,Волнительный,5.5
233,Джой,6.6,Трогательный,7.2,Вдохновляющий,6.9,Добрый,6.2
234,Стекло,6.6,Волнительный,7.8,Атмосферный,7.1,Умный,6.0
235,Анна Каренина,6.6,Романтичный,7.4,Трогательный,6.9,Атмосферный,6.0
236,Двенадцать друзей Оушена,6.5,Волнительный,7.6,Умный,7.6,Атмосферный,6.8
237,Пираты Карибского моря: Мертвецы не рассказывают сказки,6.5,Атмосферный,9.0,Смешной,6.7,Волнительный,6.5
238,Красавица для чудовища,6.5,Романтичный,7.9,Трогательный,7.5,Волнительный,5.3
239,Семь,8.6,Волнительный,8.0,Жестокий,7.9,Умный,6.0
240,Спасти рядового Райана,8.6,Волнительный,8.6,Трогательный,7.1,Вдохновляющий,6.7
241,Вечное сияние чистого разума,8.3,Трогательный,8.0,Романтичный,7.7,Добрый,5.9
242,Спасти планету,8.2,Вдохновляющий,8.0,Трогательный,7.6,Волнительный,7.3
243,Волк с Уолл-стрит,8.2,Вдохновляющий,7.7,Умный,7.1,Атмосферный,6.0
244,Джон Ф. Кеннеди: Выстрелы в Далласе,8.0,Волнительный,7.7,Атмосферный,6.5,Умный,5.8
245,Прислуга,8.0,Трогательный,6.9,Добрый,6.8,Волнительный,5.6
246,Запределье,7.9,Волнительный,6.4,Странный,6.0,Атмосферный,5.4
247,Аватар,7.8,Волнительный,7.8,Атмосферный,7.6,Вдохновляющий,5.8
248,Dunkirk,7.8,Атмосферный,7.8,Волнительный,7.7,Вдохновляющий,6.3
249,Девушка с татуировкой дракона,7.8,Волнительный,8.0,Умный,6.9,Жестокий,6.3
250,Скрытые фигуры,7.8,Вдохновляющий,7.4,Умный,5.6,Волнительный,5.6
251,Имя розы,7.7,Трогательный,7.0,Волнительный,6.2,Атмосферный,6.0
252,Гарри Поттер и Дары смерти: Часть 1,7.7,Атмосферный,8.1,Волнительный,7.8,Добрый,6.3
253,Вселенная Стивена Хокинга,7.7,Вдохновляющий,8.0,Трогательный,7.4,Умный,6.5
254,Ярость,7.6,Волнительный,7.4,Атмосферный,6.7,Жестокий,6.6
255,Просто кровь,7.6,Волнительный,8.9,Атмосферный,7.2,Странный,5.7
256,Пылающий,7.5,Трогательный,7.1,Волнительный,6.4,Вдохновляющий,6.1
257,Мюнхен,7.5,Волнительный,6.5,Жестокий,5.7,Атмосферный,5.6
258,Тельма и Луиза,7.5,Волнительный,7.0,Атмосферный,6.8,Трогательный,6.6
259,Поле чудес,7.5,Добрый,6.7,Вдохновляющий,6.5,Трогательный,6.0
260,Правила виноделов,7.4,Добрый,7.0,Романтичный,6.8,Вдохновляющий,5.7
261,Леди Бёрд,7.4,Трогательный,6.4,Вдохновляющий,6.4,Волнительный,6.1
262,Скала,7.4,Атмосферный,7.8,Волнительный,6.9,Вдохновляющий,6.3
263,Я - начало,7.4,Умный,7.9,Волнительный,7.1,Трогательный,6.1
264,Вавилон,7.4,Волнительный,7.3,Трогательный,5.8,Вдохновляющий,5.6
265,Баллада Бастера Скраггса,7.3,Добрый,6.5,Волнительный,6.4,Трогательный,5.7
266,Северная страна,7.3,Волнительный,7.2,Трогательный,5.8,Атмосферный,5.3
267,Связь,7.3,Волнительный,6.5,Романтичный,5.9,Трогательный,5.7
268,Мистериум. Начало,7.2,Умный,7.2,Атмосферный,7.0,Волнительный,6.7
269,Власть,7.2,Умный,6.5,Волнительный,6.1,Атмосферный,5.3
270,Семь психопатов,7.2,Странный,6.2,Волнительный,5.8,Смешной,5.6
271,Преисподняя,7.1,Волнительный,6.5,Страшный,6.4,Атмосферный,5.5
272,Покорители волн,7.1,Вдохновляющий,7.4,Волнительный,7.2,Трогательный,5.3
273,Бронсон,7.1,Волнительный,6.7,Атмосферный,6.1,Трогательный,5.1
274,Тринадцатый этаж,7.1,Атмосферный,6.7,Волнительный,6.2,Умный,4.9
275,Джек Ричер,7.0,Волнительный,6.8,Атмосферный,6.6,Вдохновляющий,6.2
276,Железный человек 2,7.0,Атмосферный,6.9,Вдохновляющий,5.8,Волнительный,5.3
277,Мир Уэйна,7.0,Странный,6.5,Глупый,6.0,Добрый,5.4
278,Живая сталь,7.0,Добрый,7.5,Вдохновляющий,7.3,Трогательный,7.3
279,Мажестик,6.9,Романтичный,6.7,Добрый,6.4,Трогательный,5.8
280,Тайна 7 сестер,6.9,Волнительный,7.0,Атмосферный,6.2,Умный,6.0
281,Джуманджи: Зов Джунглей,6.9,Смешной,7.3,Волнительный,7.3,Добрый,6.5
282,50 первых поцелуев,6.8,Добрый,8.9,Романтичный,8.4,Трогательный,7.2
283,007: Спектр,6.8,Волнительный,7.9,Атмосферный,7.4,Вдохновляющий,6.2
284,Белые люди не умеют прыгать,6.8,Добрый,7.0,Вдохновляющий,6.4,Трогательный,5.9
285,Код доступа «Кейптаун»,6.7,Жестокий,6.8,Волнительный,6.7,Атмосферный,6.5
286,Дом странных детей Мисс Перегрин,6.7,Добрый,7.6,Атмосферный,6.5,Волнительный,5.1
287,Мамма MIA! 2,6.6,Романтичный,8.0,Добрый,8.0,Трогательный,5.7
288,Макбет,6.6,Волнительный,6.8,Атмосферный,6.7,Жестокий,5.0
289,РЭД 2,6.6,Атмосферный,7.0,Волнительный,6.2,Жестокий,4.9
290,Багровая мята,6.5,Волнительный,6.6,Трогательный,6.2,Жестокий,5.8
291,Шаг вперёд,6.5,Романтичный,8.3,Вдохновляющий,7.3,Добрый,6.0
292,Форсаж: Хоббс и Шоу,6.4,Волнительный,7.8,Атмосферный,7.5,Вдохновляющий,6.2
293,Обещание,6.0,Трогательный,7.0,Волнительный,6.2,Атмосферный,5.7
294,Одиссея,6.6,Атмосферный,7.0,Вдохновляющий,7.0,Волнительный,6.9
295,Удивительный мир Марвена,6.2,Трогательный,6.6,Вдохновляющий,6.6,Добрый,6.5
296,Захочу и соскочу. Мастер-класс,6.8,Смешной,6.1,Странный,5.9,Добрый,5.2
297,Гладиатор,8.5,Атмосферный,8.9,Волнительный,8.1,Вдохновляющий,7.1
298,М убийца,8.3,Волнительный,8.7,Атмосферный,8.3,Странный,5.7
299,"Поймай меня, если сможешь",8.1,Умный,8.3,Волнительный,6.4,Вдохновляющий,5.7
300,Гран Торино,8.1,Трогательный,7.0,Атмосферный,6.5,Волнительный,6.2
301,Мстители,8.0,Атмосферный,8.5,Волнительный,6.6,Вдохновляющий,6.2
302,Далласский клуб покупателей,8.0,Вдохновляющий,7.6,Трогательный,6.3,Умный,5.1
303,Возвращение,8.0,Трогательный,6.6,Волнительный,5.8,Умный,5.8
304,Зомби по имени Шон,7.9,Атмосферный,5.8,Волнительный,5.1,Смешной,5.0
305,Хоббит: Нежданное путешествие,7.8,Добрый,7.6,Атмосферный,7.6,Волнительный,6.0
306,Королевство полной луны,7.8,Добрый,7.2,Романтичный,6.7,Трогательный,5.3
307,Одиннадцать друзей Оушена,7.7,Умный,8.2,Атмосферный,7.0,Волнительный,6.6
308,"Нью-Йорк, Нью-Йорк",7.6,Вдохновляющий,6.2,Волнительный,6.0,Трогательный,5.7
309,Шерлок Холмс,7.6,Атмосферный,8.1,Умный,7.6,Волнительный,5.8
310,Порок на экспорт,7.6,Волнительный,7.6,Умный,4.9,Атмосферный,4.5
311,Звёздный путь: Первый контакт,7.6,Волнительный,6.8,Умный,6.6,Атмосферный,6.3
312,Любой ценой,7.6,Волнительный,6.7,Жестокий,5.3,Вдохновляющий,5.2
313,"Человек, который изменил всё",7.6,Вдохновляющий,8.2,Волнительный,6.8,Умный,6.0
314,Хранители,7.6,Атмосферный,7.1,Странный,4.9,Волнительный,4.9
315,Я - Сэм,7.6,Добрый,7.5,Трогательный,7.4,Романтичный,6.5
316,Жизнь Дэвида Гейла,7.5,Волнительный,8.1,Трогательный,6.7,Атмосферный,5.1
317,Под покровом ночи,7.5,Волнительный,7.6,Трогательный,5.7,Атмосферный,5.5
318,Харви Милк,7.5,Вдохновляющий,6.9,Добрый,6.6,Умный,6.1
319,Скотт Пилигрим против всех,7.5,Добрый,6.4,Романтичный,6.2,Атмосферный,5.0
320,Пес-призрак: Путь самурая,7.5,Волнительный,7.3,Атмосферный,5.5,Трогательный,5.3
321,Пи,7.4,Умный,6.8,Волнительный,6.6,Странный,5.9
322,Талантливый мистер Рипли,7.4,Умный,7.7,Волнительный,6.8,Вдохновляющий,6.4
323,Аббатство Даунтон,7.4,Атмосферный,6.9,Умный,6.6,Волнительный,6.5
324,Рок-волна,7.4,Атмосферный,7.3,Вдохновляющий,6.8,Добрый,6.4
325,Водная жизнь,7.3,Вдохновляющий,6.5,Добрый,6.0,Атмосферный,5.1
326,Сноуден,7.3,Волнительный,7.0,Умный,6.8,Атмосферный,6.4
327,Самый пьяный округ в мире,7.3,Атмосферный,6.6,Жестокий,5.5,Волнительный,5.5
328,История Антуана Фишера,7.3,Вдохновляющий,6.8,Трогательный,6.5,Волнительный,5.9
329,Женщина в золотом,7.3,Волнительный,6.5,Вдохновляющий,6.5,Трогательный,5.6
330,Человек-паук 2,7.3,Атмосферный,7.9,Волнительный,7.5,Вдохновляющий,6.5
331,Смерть Сталина,7.3,Глупый,6.3,Странный,6.0,Атмосферный,4.7
332,Человек-паук,7.3,Добрый,7.0,Волнительный,6.9,Атмосферный,6.2
333,На гребне волны,7.3,Атмосферный,7.3,Волнительный,7.3,Вдохновляющий,6.2
334,Троя,7.3,Атмосферный,8.5,Волнительный,7.2,Вдохновляющий,6.1
335,Мечтатели,7.2,Романтичный,7.6,Волнительный,6.0,Трогательный,5.3
336,Правдивая ложь,7.2,Волнительный,6.9,Атмосферный,6.6,Вдохновляющий,4.7
337,Отряд «Америка»: Всемирная полиция,7.2,Добрый,6.5,Странный,5.3,Смешной,5.2
338,Двойник дьявола,7.1,Атмосферный,6.0,Странный,5.7,Вдохновляющий,5.1
339,Сила воли,7.1,Волнительный,7.2,Вдохновляющий,7.2,Трогательный,6.5
340,Уж лучше умереть,7.1,Добрый,6.3,Трогательный,6.3,Волнительный,6.0
341,Человек-невидимка,7.1,Волнительный,7.3,Страшный,6.7,Атмосферный,6.2
342,Семь лет в Тибете,7.1,Вдохновляющий,8.1,Трогательный,5.7,Атмосферный,5.5
343,Крутые виражи,7.0,Добрый,6.7,Смешной,6.3,Трогательный,4.8
344,Пассажиры,7.0,Романтичный,8.0,Волнительный,7.0,Трогательный,6.7
345,Разрушение,7.0,Волнительный,6.2,Атмосферный,5.8,Вдохновляющий,5.5
346,Кроличья нора,7.0,Волнительный,6.8,Вдохновляющий,6.3,Трогательный,5.8
347,Обитель проклятых,6.8,Атмосферный,6.5,Страшный,6.3,Волнительный,5.8
348,Золотой век,6.8,Атмосферный,7.4,Волнительный,6.0,Вдохновляющий,6.0
349,Кручёный мяч,6.8,Вдохновляющий,8.0,Волнительный,7.0,Добрый,6.3
350,Дитя робота,6.7,Атмосферный,6.1,Волнительный,6.0,Странный,4.7
351,"Красивый, плохой, злой",6.7,Волнительный,7.2,Умный,5.4,Вдохновляющий,5.2
352,Малефисента: Владычица тьмы,6.6,Волнительный,8.0,Трогательный,7.9,Атмосферный,7.1
353,Во власти стихии,6.6,Романтичный,7.7,Трогательный,7.0,Волнительный,6.4
354,Уйти красиво,6.6,Трогательный,7.0,Добрый,6.1,Вдохновляющий,6.0
355,Анна,6.6,Волнительный,7.4,Атмосферный,5.4,Романтичный,5.0
356,Тайное окно,6.5,Волнительный,7.2,Атмосферный,6.9,Умный,6.1
357,Шаг вперёд 4,6.4,Романтичный,7.7,Добрый,6.9,Вдохновляющий,6.0
358,Восемь подруг Оушена,6.3,Волнительный,6.4,Атмосферный,6.0,Смешной,5.5
359,Хищные птицы: Потрясающая история Харли Квинн,6.1,Глупый,5.8,Вдохновляющий,5.5,Странный,5.3
360,Ангелы Чарли,4.9,Волнительный,6.4,Атмосферный,6.1,Добрый,4.7
361,"Не волнуйся, он далеко не уйдёт",6.9,Добрый,6.9,Трогательный,5.9,Вдохновляющий,5.2
362,Русский ковчег,7.4,Трогательный,6.0,Волнительный,5.8,Атмосферный,5.7
363,Бродяга Кэнсин: Великий киотский пожар,7.6,Волнительный,7.4,Трогательный,6.0,Атмосферный,5.4
364,Пролетая над гнездом кукушки,8.7,Трогательный,7.5,Вдохновляющий,7.4,Волнительный,6.6
365,Паразиты,8.6,Странный,7.2,Волнительный,6.2,Атмосферный,5.8
366,Отступники,8.5,Волнительный,8.0,Умный,7.6,Атмосферный,7.3
367,"Три билборда на границе Эббинга, Миссури",8.1,Трогательный,7.0,Атмосферный,6.8,Вдохновляющий,6.1
368,Старикам тут не место,8.1,Жестокий,6.9,Волнительный,6.7,Атмосферный,6.4
369,Шестое чувство,8.1,Атмосферный,8.4,Волнительный,7.9,Умный,5.4
370,Иваново детство,8.1,Добрый,7.4,Трогательный,6.5,Умный,5.8
371,Город грехов,8.0,Атмосферный,8.2,Жестокий,7.7,Волнительный,4.9
372,Мальтийский сокол,8.0,Волнительный,8.7,Атмосферный,7.4,Умный,6.5
373,Уродцы,7.9,Странный,7.3,Романтичный,5.0,Вдохновляющий,4.2
374,Игра на понижение,7.8,Вдохновляющий,7.2,Волнительный,7.1,Умный,6.8
375,Типа крутые легавые,7.8,Смешной,6.5,Волнительный,5.5,Вдохновляющий,4.4
376,Фрост против Никсона,7.7,Умный,6.9,Волнительный,6.7,Вдохновляющий,6.0
377,Операция «Арго»,7.7,Умный,6.9,Атмосферный,6.7,Волнительный,6.1
378,Kingsman: Секретная служба,7.7,Волнительный,7.2,Атмосферный,7.1,Смешной,6.0
379,Граф Монте-Кристо,7.7,Волнительный,7.5,Атмосферный,6.8,Трогательный,6.0
380,Черный ястреб,7.7,Волнительный,7.1,Жестокий,6.9,Атмосферный,6.3
381,Долгое прощание,7.6,Атмосферный,7.8,Волнительный,7.5,Странный,5.6
382,Крёстный отец 3,7.6,Атмосферный,6.6,Жестокий,6.2,Умный,6.1
383,Невероятный мир глазами Энцо,7.6,Добрый,7.9,Трогательный,7.8,Вдохновляющий,6.3
384,300 спартанцев,7.6,Атмосферный,8.4,Жестокий,7.8,Волнительный,6.3
385,Бегущий за ветром,7.6,Добрый,7.7,Трогательный,7.0,Вдохновляющий,5.4
386,Интервью с вампиром,7.5,Волнительный,7.8,Атмосферный,7.2,Страшный,5.3
387,Дело Ричарда Джуэлла,7.5,Волнительный,7.7,Трогательный,6.1,Вдохновляющий,5.7
388,Елизавета,7.4,Умный,6.9,Атмосферный,6.5,Волнительный,6.1
389,Пока не сыграл в ящик,7.4,Добрый,8.2,Трогательный,7.2,Вдохновляющий,6.5
390,Терминал,7.4,Трогательный,8.1,Добрый,6.1,Волнительный,5.0
391,Эрин Брокович,7.4,Вдохновляющий,8.1,Волнительный,6.5,Добрый,6.4
392,Законопослушный гражданин,7.4,Умный,7.6,Волнительный,6.7,Атмосферный,6.0
393,Сонная лощина,7.3,Атмосферный,6.6,Страшный,6.4,Волнительный,6.4
394,Конец тура,7.3,Смешной,5.9,Добрый,5.7,Странный,5.1
395,Четыре льва,7.3,Волнительный,5.8,Атмосферный,5.5,Странный,4.8
396,Джейн Эйр,7.3,Романтичный,8.6,Волнительный,6.8,Трогательный,6.7
397,Отчаянный,7.2,Волнительный,7.3,Романтичный,6.3,Атмосферный,6.2
398,Я - легенда,7.2,Атмосферный,7.7,Волнительный,6.6,Страшный,5.4
399,Кинг Конг,7.2,Волнительный,8.1,Трогательный,6.9,Атмосферный,6.3
400,Крепкий орешек 4.0,7.1,Волнительный,7.3,Атмосферный,6.8,Вдохновляющий,5.4
401,На пределе,7.1,Волнительный,7.6,Трогательный,6.6,Романтичный,5.0
402,Грязь,7.1,Странный,6.5,Смешной,6.0,Атмосферный,6.0
403,Возмездие,7.1,Трогательный,7.0,Волнительный,6.1,Умный,5.5
404,Колония Дигнидад,7.1,Волнительный,7.3,Вдохновляющий,5.1,Трогательный,5.0
405,Цвет денег,7.0,Умный,7.0,Волнительный,6.4,Атмосферный,5.9
406,Тихий американец,7.0,Волнительный,6.2,Романтичный,5.1,Странный,5.0
407,Стартрек: Бесконечность,7.0,Атмосферный,7.2,Волнительный,5.5,Умный,4.4
408,Флетч,6.9,Волнительный,6.6,Вдохновляющий,5.3,Трогательный,5.1
409,На грани,6.9,Волнительный,8.1,Атмосферный,7.3,Вдохновляющий,4.9
410,Мы,6.8,Жестокий,6.4,Страшный,6.1,Странный,4.5
411,Скандал,6.8,Волнительный,7.2,Атмосферный,5.7,Трогательный,5.7
412,Робот по имени Чаппи,6.8,Добрый,7.7,Трогательный,7.6,Волнительный,6.9
413,Толкин,6.8,Добрый,6.9,Трогательный,6.9,Романтичный,6.1
414,Деловая женщина,6.8,Романтичный,7.6,Добрый,6.4,Вдохновляющий,5.8
415,Kingsman: Золотое кольцо,6.7,Атмосферный,6.6,Смешной,6.6,Волнительный,5.5
416,Две королевы,6.3,Волнительный,7.5,Трогательный,6.4,Вдохновляющий,6.0
417,Шаг вперёд 3D,6.2,Романтичный,8.3,Вдохновляющий,7.0,Добрый,5.5
418,Сомния,6.2,Страшный,7.4,Волнительный,4.8,Жестокий,4.6
419,Сиськастый волейбол,6.0,Глупый,6.2,Смешной,5.7,Чувственный,5.5
420,Битва за Севастополь,7.1,Трогательный,7.9,Волнительный,6.4,Атмосферный,5.5
421,Можно только представить,7.4,Трогательный,7.3,Романтичный,6.1,Добрый,6.1
422,Охотник с Уолл-стрит,6.5,Волнительный,7.0,Вдохновляющий,6.8,Умный,6.5
423,Леди Макбет,6.8,Волнительный,7.5,Трогательный,5.1,Атмосферный,4.7
424,Целуй меня насмерть,7.6,Волнительный,9.0,Атмосферный,7.8,Странный,5.7
425,Работа без авторства,7.8,Трогательный,7.4,Вдохновляющий,6.3,Волнительный,6.0
426,Крёстный отец,9.2,Волнительный,7.2,Умный,6.6,Жестокий,6.5
427,Бешеные псы,8.3,Жестокий,6.9,Атмосферный,6.8,Волнительный,6.1
428,Индиана Джонс и последний крестовый поход,8.2,Атмосферный,7.9,Волнительный,7.1,Романтичный,5.2
429,Остров проклятых,8.2,Атмосферный,8.2,Волнительный,6.3,Умный,4.9
430,В центре внимания,8.1,Волнительный,7.5,Странный,6.2,Атмосферный,5.9
431,Чёрный лебедь,8.0,Волнительный,7.3,Атмосферный,5.9,Грустный,5.4
432,Магазинные воришки,7.9,Добрый,7.8,Трогательный,7.3,Вдохновляющий,6.6
433,Маленькая мисс Счастье,7.8,Добрый,7.1,Трогательный,6.3,Вдохновляющий,4.5
434,Самый быстрый Indian,7.8,Трогательный,7.3,Вдохновляющий,7.1,Добрый,5.9
435,Ирландец,7.8,Волнительный,7.4,Атмосферный,6.6,Жестокий,4.9
436,Идеальные незнакомцы,7.8,Волнительный,6.4,Романтичный,6.1,Смешной,6.0
437,Полночь в Париже,7.7,Романтичный,7.4,Добрый,6.8,Трогательный,6.2
438,Рэмбо: Первая Кровь,7.7,Жестокий,7.9,Атмосферный,5.9,Волнительный,5.4
439,Ветреная река,7.7,Волнительный,7.6,Атмосферный,6.7,Трогательный,5.2
440,Королевская битва,7.6,Волнительный,6.8,Атмосферный,6.2,Жестокий,6.0
441,Отверженные,7.6,Романтичный,7.7,Трогательный,6.0,Волнительный,5.8
442,Тёмный город,7.6,Волнительный,7.3,Странный,6.0,Атмосферный,5.8
443,Робокоп,7.6,Волнительный,7.0,Атмосферный,6.5,Жестокий,6.1
444,Голос монстра,7.5,Трогательный,7.1,Волнительный,6.7,Добрый,6.0
445,Легенды осени,7.5,Волнительный,7.1,Романтичный,6.8,Трогательный,6.5
446,Воровка книг,7.5,Волнительный,7.8,Трогательный,7.3,Атмосферный,6.9
447,Дым,7.4,Добрый,5.9,Романтичный,5.4,Смешной,4.5
448,Репортаж,7.4,Страшный,7.6,Жестокий,5.8,Волнительный,5.8
449,Любовь и милосердие,7.4,Романтичный,7.0,Добрый,6.2,Трогательный,6.1
450,Уолл-стрит,7.4,Умный,7.7,Вдохновляющий,7.3,Волнительный,7.2
451,Пряности и страсти,7.3,Романтичный,7.5,Добрый,7.2,Трогательный,7.0
452,Рок-н-рольщик,7.3,Вдохновляющий,7.5,Атмосферный,6.7,Волнительный,5.9
453,Выстрел в пустоту,7.3,Волнительный,7.2,Атмосферный,6.8,Жестокий,6.0
454,"Суини Тодд, демон-парикмахер с Флит-стрит",7.3,Атмосферный,8.0,Волнительный,6.0,Странный,5.0
455,Опус мистера Холланда,7.3,Трогательный,6.5,Добрый,5.3,Умный,5.2
456,Шулера,7.3,Волнительный,7.0,Атмосферный,6.9,Умный,5.5
457,Невероятная жизнь Уолтера Митти,7.3,Добрый,7.4,Вдохновляющий,7.0,Трогательный,6.1
458,Агенты А.Н.К.Л.,7.3,Атмосферный,7.5,Волнительный,5.7,Вдохновляющий,5.3
459,Фонтан,7.2,Романтичный,7.1,Трогательный,7.0,Атмосферный,6.0
460,Смертельное оружие 2,7.2,Смешной,6.6,Волнительный,6.5,Атмосферный,6.0
461,"FYRE: Величайшая вечеринка, которая не состоялась",7.2,Добрый,5.9,Глупый,5.8,Волнительный,5.7
462,Мастер,7.2,Атмосферный,6.2,Волнительный,6.2,Странный,5.9
463,Агора,7.2,Атмосферный,7.0,Волнительный,6.7,Трогательный,5.5
464,Ирландец,7.1,Атмосферный,7.3,Волнительный,6.7,Умный,4.9
465,Защитник,7.1,Вдохновляющий,7.8,Умный,6.6,Трогательный,6.6
466,Афера под прикрытием,7.0,Волнительный,6.9,Умный,6.4,Атмосферный,6.0
467,Джонни Д.,7.0,Волнительный,7.5,Атмосферный,6.6,Вдохновляющий,5.1
468,Меняющие реальность,7.0,Волнительный,7.1,Романтичный,6.2,Атмосферный,5.8
469,Враг,6.9,Умный,6.9,Волнительный,6.6,Атмосферный,5.5
470,Дьявол носит Prada,6.9,Вдохновляющий,8.1,Романтичный,6.1,Атмосферный,5.7
471,Лолита,6.9,Чувственный,7.1,Романтичный,6.7,Волнительный,6.2
472,Полёт навигатора,6.9,Добрый,7.4,Волнительный,6.0,Атмосферный,5.3
473,"То, что ты делаешь",6.9,Трогательный,7.1,Добрый,7.0,Романтичный,6.3
474,Призрачная красота,6.8,Трогательный,7.5,Романтичный,6.3,Добрый,6.2
475,И грянул шторм,6.8,Волнительный,8.1,Атмосферный,6.0,Трогательный,5.7
476,Остров,6.8,Волнительный,7.6,Атмосферный,6.6,Трогательный,5.3
477,ЗащитнеГ,6.8,Волнительный,6.2,Атмосферный,5.8,Глупый,5.7
478,Yesterday,6.8,Добрый,8.3,Романтичный,7.1,Трогательный,6.5
479,Зов предков,6.8,Трогательный,8.0,Добрый,7.5,Волнительный,6.1
480,Близнецы,6.8,Добрый,7.5,Трогательный,6.4,Романтичный,6.3
481,Эмма.,6.7,Романтичный,8.0,Трогательный,6.6,Добрый,5.3
482,Хороший лжец,6.7,Волнительный,6.8,Умный,5.4,Трогательный,5.0
483,Киллер Джо,6.7,Волнительный,7.0,Умный,6.0,Жестокий,5.8
484,Веном,6.7,Атмосферный,7.2,Волнительный,6.0,Страшный,5.5
485,Чарли и шоколадная фабрика,6.6,Добрый,7.5,Атмосферный,5.8,Смешной,5.6
486,Сенсация,6.6,Романтичный,6.8,Трогательный,5.8,Умный,5.0
487,Между нами горы,6.4,Трогательный,7.6,Волнительный,7.3,Романтичный,7.2
488,Алиса в Зазеркалье,6.2,Добрый,7.8,Странный,6.0,Атмосферный,5.2
489,Клинок Бессмертного,6.8,Волнительный,7.3,Странный,6.0,Атмосферный,5.9
490,Видок: Охотник на призраков,6.3,Волнительный,7.3,Атмосферный,7.0,Страшный,5.5
491,Маленькие секреты,7.1,Трогательный,7.3,Добрый,7.3,Романтичный,5.9
492,Молодой Годар,6.6,Вдохновляющий,6.3,Трогательный,5.2,Умный,5.0
493,Властелин колец: Возвращение Короля,8.9,Атмосферный,9.2,Волнительный,6.9,Вдохновляющий,5.9
494,Интерстеллар,8.6,Атмосферный,8.9,Умный,7.0,Волнительный,6.8
495,Ребёнок Розмари,8.0,Волнительный,8.7,Атмосферный,7.8,Страшный,6.8
496,Сладкая жизнь,8.0,Романтичный,7.1,Волнительный,5.6,Атмосферный,5.5
497,Жизнь Пи,7.9,Трогательный,7.9,Волнительный,7.0,Атмосферный,6.8
498,Хористы,7.9,Добрый,7.0,Трогательный,6.9,Вдохновляющий,6.4
499,Богемская рапсодия,7.9,Вдохновляющий,8.5,Атмосферный,8.2,Трогательный,7.0
500,Кролик Джоджо,7.9,Добрый,6.6,Смешной,6.1,Трогательный,5.4
501,Письма с Иводзимы,7.9,Трогательный,7.0,Волнительный,6.8,Вдохновляющий,5.9
502,Таинственная река,7.9,Волнительный,7.8,Атмосферный,6.4,Умный,5.2
503,Шарада,7.9,Волнительный,8.1,Романтичный,6.2,Умный,6.0
504,Джентльмены,7.8,Атмосферный,7.8,Умный,5.7,Волнительный,5.1
505,Гордость и предубеждение,7.8,Романтичный,8.8,Трогательный,6.5,Добрый,6.0
506,Вспоминая Титанов,7.8,Волнительный,6.9,Вдохновляющий,6.6,Трогательный,5.8
507,Коммивояжер,7.7,Вдохновляющий,6.9,Трогательный,6.5,Романтичный,6.0
508,Империя Солнца,7.7,Волнительный,6.9,Вдохновляющий,6.2,Умный,5.6
509,Стражи Галактики. Часть 2,7.6,Атмосферный,7.4,Смешной,6.9,Вдохновляющий,4.9
510,Просто помиловать,7.6,Волнительный,7.2,Трогательный,6.7,Вдохновляющий,5.5
511,Планета обезьян: Революция,7.6,Атмосферный,7.3,Волнительный,6.3,Трогательный,5.0
512,Американский психопат,7.6,Жестокий,6.9,Волнительный,6.4,Атмосферный,4.9
513,Эффект бабочки,7.6,Волнительный,8.5,Умный,6.9,Атмосферный,6.6
514,Внутри Льюина Дэвиса,7.5,Вдохновляющий,6.9,Трогательный,6.7,Волнительный,6.1
515,127 часов,7.5,Волнительный,7.7,Атмосферный,6.1,Вдохновляющий,5.8
516,Голодные игры: И вспыхнет пламя,7.5,Атмосферный,7.5,Волнительный,6.5,Вдохновляющий,4.8
517,Адвокат дьявола,7.5,Атмосферный,8.2,Волнительный,7.8,Умный,7.0
518,Трамбо,7.5,Умный,6.8,Атмосферный,6.2,Волнительный,5.8
519,С широко закрытыми глазами,7.4,Романтичный,7.5,Волнительный,6.6,Трогательный,5.6
520,Области тьмы,7.4,Умный,8.3,Волнительный,7.3,Атмосферный,6.0
521,Голгофа,7.4,Умный,6.0,Волнительный,5.7,Странный,5.6
522,Эдди «Орёл»,7.4,Добрый,7.6,Вдохновляющий,5.9,Трогательный,5.0
523,Планета обезьян: Война,7.4,Атмосферный,7.4,Волнительный,6.6,Вдохновляющий,5.0
524,Линкольн для адвоката,7.3,Умный,7.4,Волнительный,7.2,Атмосферный,6.6
525,Человек на Луне,7.3,Вдохновляющий,7.8,Волнительный,7.7,Атмосферный,6.5
526,Ронин,7.3,Волнительный,7.4,Умный,5.6,Жестокий,5.1
527,Твин Пикс: Сквозь огонь,7.3,Атмосферный,7.8,Странный,7.4,Волнительный,7.1
528,"Кто Вы, Мистер Брукс?",7.3,Умный,7.0,Волнительный,5.8,Атмосферный,5.3
529,Воспитание Аризоны,7.3,Добрый,7.3,Трогательный,6.0,Вдохновляющий,5.3
530,Мужской стриптиз,7.2,Смешной,5.2,Добрый,5.0,Волнительный,4.8
531,От заката до рассвета,7.2,Жестокий,7.7,Атмосферный,7.1,Волнительный,6.5
532,Кирпич,7.2,Вдохновляющий,6.3,Волнительный,5.9,Добрый,5.1
533,Куб,7.2,Страшный,6.8,Жестокий,6.2,Странный,5.0
534,Сделано в Америке,7.2,Волнительный,7.0,Вдохновляющий,5.5,Атмосферный,5.4
535,Сумасшедшее сердце,7.2,Трогательный,7.5,Вдохновляющий,6.9,Романтичный,5.9
536,Красный Дракон,7.2,Волнительный,6.5,Атмосферный,6.4,Жестокий,5.8
537,Наркотик,7.2,Волнительный,6.8,Трогательный,5.0,Странный,4.2
538,"Я, робот",7.1,Атмосферный,7.8,Волнительный,6.4,Вдохновляющий,5.1
539,Впусти меня. Сага,7.1,Трогательный,5.8,Страшный,5.4,Странный,5.0
540,Всё путём,7.1,Добрый,7.7,Романтичный,6.9,Трогательный,6.3
541,Мученицы,7.1,Волнительный,7.5,Страшный,7.0,Жестокий,5.3
542,Союзники,7.1,Романтичный,7.5,Волнительный,6.1,Трогательный,5.5
543,Сможете ли вы меня простить?,7.1,Трогательный,7.3,Добрый,5.9,Умный,5.7
544,Совокупность лжи,7.1,Волнительный,6.5,Атмосферный,6.2,Умный,5.0
545,Война миров Z,7.0,Атмосферный,6.8,Волнительный,6.5,Страшный,4.9
546,На границе миров,7.0,Волнительный,7.3,Трогательный,6.5,Атмосферный,5.9
547,Джейн Остин,7.0,Романтичный,8.2,Трогательный,7.2,Добрый,6.2
548,Мир Юрского периода,7.0,Атмосферный,7.6,Волнительный,7.6,Добрый,4.2
549,Мой личный штат Айдахо,7.0,Волнительный,6.3,Вдохновляющий,6.2,Умный,5.2
550,Предатель,7.0,Волнительный,6.7,Атмосферный,5.4,Умный,5.4
551,Наркокурьер,7.0,Атмосферный,7.0,Волнительный,6.9,Трогательный,4.6
552,Падший,7.0,Волнительный,6.7,Атмосферный,5.7,Жестокий,5.6
553,Сёрфер души,7.0,Вдохновляющий,7.2,Волнительный,7.2,Трогательный,6.1
554,Убийство священного оленя,7.0,Странный,6.8,Волнительный,6.1,Умный,5.3
555,Новая рождественская сказка,7.0,Добрый,7.6,Смешной,7.2,Трогательный,5.3
556,Прометей,7.0,Атмосферный,7.9,Волнительный,6.8,Вдохновляющий,4.5
557,Секретные материалы: Борьба за будущее,7.0,Атмосферный,7.2,Умный,5.6,Волнительный,5.5
558,Сильнее,6.9,Вдохновляющий,8.4,Трогательный,7.6,Добрый,6.3
559,28 недель спустя,6.9,Волнительный,8.0,Атмосферный,7.1,Страшный,6.8
560,Призраки Гойи,6.9,Атмосферный,6.4,Трогательный,6.0,Романтичный,5.9
561,Лучший стрелок,6.9,Романтичный,6.7,Волнительный,6.4,Трогательный,6.2
562,Крутые времена,6.9,Волнительный,7.1,Атмосферный,6.6,Жестокий,5.5
563,Интуиция,6.9,Романтичный,8.0,Трогательный,7.4,Добрый,5.7
564,Всегда говори «ДА»,6.8,Смешной,8.3,Добрый,8.0,Вдохновляющий,6.5
565,Суспирия,6.7,Странный,6.2,Атмосферный,5.3,Волнительный,5.3
566,Милые кости,6.7,Волнительный,8.0,Трогательный,6.9,Грустный,5.7
567,Автостопом по галактике,6.7,Атмосферный,7.6,Смешной,5.9,Добрый,5.0
568,22 пули: Бессмертный,6.7,Жестокий,6.9,Волнительный,6.9,Атмосферный,5.1
569,Хантер Киллер,6.6,Волнительный,7.4,Атмосферный,6.4,Вдохновляющий,5.5
570,Неповиновение,6.6,Романтичный,7.3,Волнительный,7.2,Трогательный,6.2
571,Багровый пик,6.5,Волнительный,7.7,Атмосферный,7.2,Страшный,6.2
572,Двойник,6.5,Волнительный,7.2,Странный,6.6,Атмосферный,5.2
573,Бладшот,5.7,Атмосферный,6.8,Волнительный,5.8,Жестокий,5.5
574,Букшоп,6.5,Трогательный,6.5,Вдохновляющий,6.3,Добрый,6.0
575,Убийцы,7.8,Волнительный,8.6,Атмосферный,7.4,Умный,4.9
576,Салют-7,7.2,Волнительный,7.9,Атмосферный,7.1,Вдохновляющий,7.1
577,Место встречи,7.0,Волнительный,7.1,Трогательный,6.9,Умный,5.9
578,Тюльпанная лихорадка,6.2,Романтичный,7.8,Трогательный,6.9,Волнительный,6.1
579,Брошенный кролик (фильм),7.3,Добрый,8.3,Трогательный,6.8,Волнительный,5.6
580,Подозрительные лица,8.5,Умный,7.3,Атмосферный,5.5,Странный,5.0
581,Чужой,8.4,Страшный,7.8,Атмосферный,7.0,Жестокий,6.0
582,Головокружение,8.3,Волнительный,8.8,Атмосферный,7.2,Умный,6.4
583,Чужие,8.3,Страшный,7.6,Атмосферный,7.6,Жестокий,6.0
584,Монти Пайтон и священный Грааль,8.2,Добрый,6.5,Смешной,6.5,Умный,4.7
585,Бахубали: Рождение легенды,8.2,Волнительный,6.7,Вдохновляющий,6.1,Атмосферный,5.5
586,Секреты Лос-Анджелеса,8.2,Атмосферный,6.6,Волнительный,5.4,Умный,5.2
587,Исчезнувшая,8.1,Волнительный,8.5,Атмосферный,5.3,Умный,4.6
588,Воспоминания об убийстве,8.1,Атмосферный,6.0,Волнительный,6.0,Жестокий,5.0
589,Гонка,8.1,Волнительный,7.8,Атмосферный,6.7,Вдохновляющий,6.3
590,Догвилль,8.0,Волнительный,7.4,Странный,7.0,Атмосферный,6.8
591,Броненосец Потёмкин,8.0,Вдохновляющий,7.5,Атмосферный,7.4,Волнительный,6.7
592,Залечь на дно в Брюгге,7.9,Атмосферный,6.7,Волнительный,6.0,Смешной,4.6
593,Глубокий сон,7.9,Волнительный,9.0,Атмосферный,8.0,Умный,6.0
594,Капитан Фантастик,7.9,Добрый,7.5,Трогательный,6.1,Смешной,5.3
595,Железный человек,7.9,Атмосферный,7.4,Волнительный,6.0,Вдохновляющий,4.9
596,На исходе дня,7.8,Романтичный,7.2,Волнительный,6.7,Трогательный,6.3
597,Эд Вуд,7.8,Трогательный,7.1,Волнительный,6.4,Романтичный,6.3
598,Искупление,7.8,Романтичный,7.7,Трогательный,6.5,Волнительный,5.2
599,Я видел дьявола,7.8,Волнительный,5.7,Страшный,5.5,Странный,5.3
600,Зодиак,7.7,Волнительный,7.6,Атмосферный,6.8,Умный,6.8
601,Гнев,7.7,Волнительный,6.9,Атмосферный,5.3,Жестокий,5.2
602,Столкновение,7.7,Жестокий,6.3,Странный,5.4,Волнительный,5.2
603,Исчезновение,7.7,Волнительный,9.0,Атмосферный,5.2,Странный,5.1
604,Быть Джоном Малковичем,7.7,Странный,7.8,Атмосферный,5.1,Волнительный,5.0
605,Однажды в… Голливуде,7.6,Атмосферный,7.7,Умный,6.4,Вдохновляющий,6.3
606,Тёмные воды,7.6,Волнительный,7.0,Умный,5.5,Атмосферный,4.8
607,Кроваво-красное,7.6,Волнительный,8.6,Атмосферный,7.6,Страшный,6.2
608,Муха,7.6,Страшный,6.3,Волнительный,5.4,Атмосферный,5.3
609,Холодная война,7.6,Романтичный,7.4,Трогательный,6.1,Добрый,4.6
610,Один дома,7.6,Добрый,8.3,Смешной,8.2,Атмосферный,6.4
611,Патруль,7.6,Атмосферный,5.8,Волнительный,5.3,Умный,5.2
612,Прощание,7.6,Волнительный,7.2,Добрый,6.8,Трогательный,6.5
613,"Прощай, детка, прощай",7.6,Волнительный,7.1,Трогательный,5.9,Атмосферный,5.3
614,Одарённая,7.6,Добрый,7.1,Трогательный,6.9,Вдохновляющий,5.4
615,Лестница Иакова,7.5,Волнительный,6.8,Атмосферный,6.2,Странный,5.4
616,Боль и слава,7.5,Волнительный,6.4,Вдохновляющий,5.8,Атмосферный,5.4
617,Техасская резня бензопилой,7.5,Страшный,7.9,Атмосферный,6.3,Волнительный,6.0
618,Фаворитка,7.5,Романтичный,6.8,Волнительный,6.4,Трогательный,6.0
619,Шерлок Холмс: Игра теней,7.5,Умный,7.7,Атмосферный,7.4,Волнительный,6.2
620,Охотники за головами,7.5,Волнительный,7.1,Атмосферный,6.6,Жестокий,4.9
621,Вторжение похитителей тел,7.4,Волнительный,9.0,Атмосферный,5.4,Страшный,5.3
622,Свидетель,7.4,Волнительный,8.1,Умный,6.4,Атмосферный,6.0
623,Левша,7.4,Волнительный,7.4,Вдохновляющий,7.4,Трогательный,7.1
624,Большая игра,7.4,Умный,7.7,Волнительный,7.1,Атмосферный,6.0
625,Джуно,7.4,Добрый,6.6,Трогательный,5.9,Романтичный,5.8
626,13 часов: Тайные солдаты Бенгази,7.3,Волнительный,7.8,Умный,5.1,Жестокий,5.0
627,Имя ему Смерть,7.3,Жестокий,6.0,Атмосферный,6.0,Вдохновляющий,5.0
628,Красивый мальчик,7.3,Трогательный,6.7,Добрый,6.2,Вдохновляющий,5.5
629,Прогулка,7.3,Вдохновляющий,8.2,Волнительный,8.0,Атмосферный,5.6
630,"Доброе утро, Вьетнам",7.3,Трогательный,6.8,Добрый,5.8,Волнительный,5.7
631,Пропащие ребята,7.3,Волнительный,6.3,Вдохновляющий,5.9,Трогательный,5.7
632,Спасительный рассвет,7.3,Волнительный,7.2,Атмосферный,5.4,Вдохновляющий,5.1
633,Сердце ангела,7.3,Атмосферный,7.0,Волнительный,6.4,Трогательный,4.5
634,Амистад,7.3,Волнительный,6.3,Трогательный,6.1,Атмосферный,5.5
635,Монстр,7.3,Жестокий,6.5,Страшный,5.8,Волнительный,5.3
636,Линкольн,7.3,Умный,7.3,Вдохновляющий,7.0,Атмосферный,6.6
637,Жена,7.2,Трогательный,6.8,Добрый,6.3,Романтичный,5.3
638,Звёздный путь 6: Неоткрытая страна,7.2,Атмосферный,6.0,Волнительный,6.0,Трогательный,5.3
639,Матрица: Перезагрузка,7.2,Атмосферный,8.3,Волнительный,7.2,Вдохновляющий,5.6
640,Догмэн,7.2,Волнительный,6.9,Странный,5.9,Трогательный,5.2
641,Боевой конь,7.2,Трогательный,8.2,Волнительный,6.4,Вдохновляющий,5.8
642,Великий Гэтсби,7.2,Романтичный,8.3,Атмосферный,7.5,Вдохновляющий,5.4
643,Начинающие,7.2,Романтичный,6.0,Трогательный,5.6,Волнительный,5.3
644,Царство небесное,7.2,Атмосферный,7.6,Волнительный,6.8,Вдохновляющий,6.7
645,11:14,7.2,Волнительный,6.9,Атмосферный,5.6,Умный,5.0
646,Чикаго,7.2,Волнительный,7.9,Вдохновляющий,6.5,Атмосферный,6.4
647,Майкл Джексон: Вот и всё,7.2,Волнительный,6.8,Трогательный,6.5,Вдохновляющий,5.8
648,Призрак,7.2,Волнительный,6.9,Атмосферный,6.1,Вдохновляющий,5.2
649,Дикие сердцем,7.2,Волнительный,6.7,Вдохновляющий,5.5,Романтичный,4.9
650,8 миля,7.1,Вдохновляющий,8.7,Волнительный,7.3,Трогательный,6.4
651,Нет выхода,7.1,Романтичный,7.5,Трогательный,6.6,Волнительный,5.9
652,Не дыши,7.1,Страшный,6.7,Жестокий,6.3,Волнительный,4.9
653,Крид 2,7.1,Вдохновляющий,7.0,Жестокий,6.5,Волнительный,6.5
654,Железный человек 3,7.1,Атмосферный,6.6,Волнительный,6.0,Вдохновляющий,5.1
655,Дикая,7.1,Трогательный,6.9,Добрый,6.7,Волнительный,5.8
656,Руины прошлого,7.1,Волнительный,9.0,Атмосферный,5.4,Жестокий,5.4
657,Рокки Бальбоа,7.1,Вдохновляющий,8.7,Волнительный,7.5,Трогательный,5.5
658,Месть от кутюр,7.1,Волнительный,7.2,Романтичный,5.6,Вдохновляющий,4.7
659,Мальчик на троих,7.0,Смешной,5.8,Романтичный,5.6,Глупый,5.2
660,Англичанин,7.0,Волнительный,6.9,Атмосферный,5.7,Вдохновляющий,5.2
661,Братство волка,7.0,Волнительный,6.5,Атмосферный,5.4,Страшный,5.2
662,Тор,7.0,Атмосферный,7.4,Волнительный,5.9,Вдохновляющий,4.7
663,Богема,6.9,Волнительный,6.8,Вдохновляющий,5.8,Романтичный,5.3
664,Тринадцать друзей Оушена,6.9,Волнительный,7.8,Умный,5.8,Атмосферный,5.2
665,Семейка Аддамс,6.9,Смешной,7.4,Атмосферный,5.8,Странный,5.3
666,Альфа Дог,6.9,Волнительный,6.5,Атмосферный,5.6,Жестокий,5.3
667,Ванильное небо,6.9,Трогательный,7.2,Романтичный,6.4,Волнительный,5.7
668,Люди в чёрном 3,6.8,Смешной,7.2,Атмосферный,5.8,Волнительный,4.9
669,Группировка 'Восток',6.8,Волнительный,6.5,Атмосферный,5.5,Романтичный,5.2
670,Zомбилэнд: Контрольный выстрел,6.7,Смешной,7.0,Атмосферный,5.1,Жестокий,4.9
671,Пункт назначения,6.7,Волнительный,7.8,Страшный,7.2,Жестокий,7.1
672,Во всё тяжкое,6.7,Вдохновляющий,6.3,Смешной,5.8,Волнительный,5.6
673,Обитель зла,6.7,Жестокий,7.6,Атмосферный,7.3,Страшный,5.9
674,Битва полов,6.7,Романтичный,7.6,Добрый,7.2,Смешной,7.2
675,Фокус,6.6,Волнительный,7.3,Романтичный,5.2,Атмосферный,5.0
676,Счастливого дня смерти,6.6,Волнительный,6.2,Странный,5.4,Страшный,5.2
677,Алиса в стране чудес,6.4,Добрый,8.2,Трогательный,6.8,Атмосферный,5.2
678,В объятиях лжи,6.0,Волнительный,6.8,Атмосферный,5.5,Трогательный,5.3
679,Маршалл,7.3,Волнительный,6.3,Вдохновляющий,6.0,Трогательный,5.5
680,Настоящие боссы,4.6,Смешной,6.1,Добрый,6.0,Романтичный,4.8
681,Место встречи изменить нельзя,8.8,Волнительный,7.3,Вдохновляющий,6.4,Атмосферный,5.4
682,Это всего лишь конец света,6.9,Трогательный,6.6,Волнительный,6.5,Атмосферный,5.9
683,Госпожа Кагуя: В любви как на войне,5.5,Романтичный,7.2,Вдохновляющий,5.0,Волнительный,5.0
684,Ремнант: Всё ещё вижу тебя,5.8,Страшный,6.0,Трогательный,5.7,Странный,5.5
685,Пираньи Неаполя,6.4,Странный,6.5,Жестокий,5.8,Волнительный,5.1
686,Маленькая Италия,5.7,Романтичный,7.4,Добрый,6.7,Трогательный,6.2
687,Властелин колец: Братство кольца,8.8,Атмосферный,9.3,Волнительный,6.3,Вдохновляющий,5.4
688,1+1,8.5,Добрый,9.2,Трогательный,7.8,Вдохновляющий,6.2
689,Психо,8.5,Волнительный,8.5,Атмосферный,7.1,Страшный,6.5
690,Звёздные войны: Эпизод 6 - Возвращение Джедая,8.3,Атмосферный,8.6,Вдохновляющий,6.6,Волнительный,5.8
691,Инсайдеры,8.2,Вдохновляющий,7.5,Умный,6.7,Волнительный,6.0
692,Игры разума,8.2,Умный,8.6,Волнительный,6.0,Трогательный,5.3
693,Крепкий орешек,8.2,Волнительный,7.6,Атмосферный,7.4,Вдохновляющий,5.4
694,Белая горячка,8.1,Волнительный,8.7,Жестокий,7.1,Атмосферный,6.5
695,Дьяволицы,8.1,Волнительный,8.8,Атмосферный,7.4,Страшный,5.9
696,Малышка на миллион,8.1,Вдохновляющий,8.2,Волнительный,7.8,Трогательный,5.0
697,«V» значит Вендетта,8.1,Атмосферный,7.5,Волнительный,6.6,Вдохновляющий,6.3
698,Ford против Ferrari,8.1,Вдохновляющий,8.4,Волнительный,6.9,Атмосферный,5.9
699,Жертвоприношение,8.0,Жестокий,5.5,Странный,5.2,Страшный,5.0
700,Ла-Ла Ленд,8.0,Романтичный,8.5,Трогательный,6.7,Вдохновляющий,5.7
701,Убийство,8.0,Волнительный,8.8,Атмосферный,7.2,Умный,6.2
702,Игра в имитацию,8.0,Умный,8.0,Атмосферный,6.2,Вдохновляющий,5.7
703,Скафандр и бабочка,8.0,Трогательный,6.6,Добрый,5.3,Волнительный,5.2
704,Из прошлого,8.0,Волнительный,8.9,Атмосферный,8.0,Странный,5.1
705,Полуночная жара,7.9,Волнительный,8.8,Атмосферный,5.2,Умный,5.2
706,Почти знаменит,7.9,Романтичный,6.5,Трогательный,5.4,Вдохновляющий,4.7
707,Цветы лиловые полей,7.8,Трогательный,6.8,Волнительный,6.4,Романтичный,5.5
708,Бёрдмэн,7.7,Странный,6.6,Атмосферный,6.3,Волнительный,5.8
709,В Америке,7.7,Добрый,6.5,Трогательный,5.8,Волнительный,5.5
710,Тренировочный день,7.7,Волнительный,6.1,Атмосферный,6.0,Умный,4.6
711,Жилец,7.7,Волнительный,8.0,Атмосферный,7.8,Странный,5.9
712,Писатели свободы,7.6,Трогательный,7.0,Волнительный,6.2,Вдохновляющий,5.9
713,Шпионский мост,7.6,Волнительный,7.4,Вдохновляющий,6.9,Умный,5.6
714,Бьютифул,7.5,Волнительный,6.8,Атмосферный,5.8,Трогательный,5.8
715,Уцелевший,7.5,Волнительный,7.9,Вдохновляющий,6.3,Атмосферный,5.8
716,Вспомнить всё,7.5,Атмосферный,7.4,Волнительный,7.3,Жестокий,5.4
717,Исходный код,7.5,Волнительный,8.1,Атмосферный,6.9,Умный,6.3
718,Патруль времени,7.5,Атмосферный,6.3,Волнительный,6.2,Умный,4.5
719,Успеть до полуночи,7.5,Волнительный,7.3,Трогательный,6.3,Вдохновляющий,4.9
720,"Дорога, дорога домой",7.4,Волнительный,6.5,Трогательный,6.5,Добрый,5.5
721,Сити-Айленд,7.4,Трогательный,6.1,Добрый,5.9,Волнительный,5.6
722,Неудобная правда,7.4,Волнительный,6.5,Умный,5.5,Вдохновляющий,5.0
723,Чудо-женщина,7.4,Атмосферный,8.1,Волнительный,6.7,Вдохновляющий,5.7
724,Большой переполох в маленьком Китае,7.3,Смешной,6.4,Вдохновляющий,5.6,Волнительный,5.0
725,Укрытие,7.3,Волнительный,6.7,Трогательный,5.9,Атмосферный,5.6
726,Непокорённый,7.3,Вдохновляющий,7.4,Трогательный,5.3,Атмосферный,5.0
727,Форма воды,7.3,Трогательный,8.0,Романтичный,5.7,Волнительный,5.4
728,Сильверадо,7.2,Волнительный,6.8,Атмосферный,5.2,Вдохновляющий,5.0
729,Мост в Терабитию,7.2,Добрый,8.1,Трогательный,6.3,Романтичный,4.6
730,Чемпион,7.2,Трогательный,8.4,Добрый,7.7,Волнительный,6.9
731,Мартовские иды,7.1,Атмосферный,6.0,Умный,5.2,Волнительный,5.0
732,Эверест,7.1,Волнительный,7.8,Атмосферный,7.6,Вдохновляющий,5.0
733,Привидение,7.1,Романтичный,9.3,Трогательный,7.9,Волнительный,6.1
734,Костяной томагавк,7.1,Жестокий,7.6,Страшный,5.4,Злой,4.4
735,Короли Догтауна,7.1,Добрый,6.6,Вдохновляющий,6.4,Волнительный,6.2
736,Море Солтона,7.1,Волнительный,9.0,Умный,5.0,Атмосферный,4.7
737,Если Бил-стрит могла бы заговорить,7.1,Романтичный,7.8,Трогательный,7.0,Волнительный,6.3
738,Новейший завет,7.1,Трогательный,6.5,Добрый,5.8,Странный,5.3
739,Шазам!,7.0,Смешной,6.2,Добрый,5.9,Волнительный,4.5
740,Армагеддец,7.0,Смешной,6.6,Глупый,5.5,Атмосферный,4.5
741,Одержимость,7.0,Романтичный,7.9,Волнительный,6.8,Чувственный,6.4
742,Основной инстинкт,7.0,Волнительный,7.7,Чувственный,7.2,Атмосферный,5.6
743,Константин: Повелитель тьмы,7.0,Атмосферный,7.3,Страшный,6.4,Волнительный,6.3
744,Книга Илая,6.9,Волнительный,7.5,Атмосферный,7.4,Вдохновляющий,5.1
745,Матильда,6.9,Добрый,7.5,Вдохновляющий,6.0,Трогательный,5.9
746,Спасатель,6.9,Волнительный,8.0,Вдохновляющий,6.6,Атмосферный,6.1
747,История призрака,6.9,Страшный,6.0,Атмосферный,5.4,Жестокий,4.8
748,Каждому своё,6.9,Романтичный,7.2,Трогательный,6.4,Добрый,5.2
749,Воды слонам!,6.9,Романтичный,7.9,Добрый,7.3,Трогательный,7.2
750,Борг/Макинрой,6.9,Вдохновляющий,7.1,Волнительный,6.6,Атмосферный,6.5
751,Аноним,6.9,Волнительный,7.6,Атмосферный,5.4,Умный,4.4
752,Дневник девочки-подростка,6.8,Волнительный,7.2,Трогательный,6.9,Романтичный,6.8
753,День драфта,6.8,Вдохновляющий,6.2,Волнительный,6.0,Трогательный,5.8
754,Схватка,6.8,Волнительный,7.5,Атмосферный,6.7,Жестокий,6.5
755,Голодные игры: Сойка-пересмешница. Часть 2,6.6,Атмосферный,7.1,Волнительный,6.5,Жестокий,6.5
756,Нерв,6.5,Волнительный,7.6,Атмосферный,5.3,Трогательный,5.0
757,Звёздные войны: Эпизод 9 - Скайуокер. Восход,6.5,Атмосферный,7.9,Волнительный,7.1,Вдохновляющий,6.1
758,"Али, рули!",6.2,Смешной,6.7,Добрый,5.4,Глупый,4.5
759,Гретель и Гензель,5.4,Волнительный,7.4,Атмосферный,6.3,Страшный,5.9
760,Пеле: Рождение легенды,7.2,Вдохновляющий,8.7,Добрый,6.3,Умный,5.6
761,12 стульев,8.3,Вдохновляющий,6.1,Волнительный,6.0,Смешной,5.3
762,Большие надежды,6.4,Романтичный,7.8,Трогательный,7.5,Добрый,6.6
763,Франц,7.5,Романтичный,7.3,Трогательный,7.1,Волнительный,6.5
764,Девятая жизнь Луи Дракса,6.3,Волнительный,6.7,Странный,5.5,Атмосферный,5.3
765,Война токов,6.5,Умный,7.7,Волнительный,6.5,Вдохновляющий,6.1
766,Кристин,6.9,Умный,5.6,Странный,5.5,Волнительный,5.5
767,Матрица,8.7,Атмосферный,9.0,Волнительный,6.0,Вдохновляющий,4.9
768,Славные парни,8.7,Жестокий,7.4,Волнительный,7.0,Умный,5.8
769,Сенна,8.5,Волнительный,7.3,Вдохновляющий,7.1,Атмосферный,6.3
770,Сияние,8.4,Страшный,7.8,Волнительный,7.0,Атмосферный,6.8
771,На север через северо-запад,8.3,Волнительный,8.8,Умный,6.4,Атмосферный,6.0
772,Большой куш,8.3,Смешной,8.3,Атмосферный,7.1,Жестокий,4.5
773,Двойная страховка,8.3,Волнительный,8.7,Атмосферный,7.2,Умный,5.7
774,Казино,8.2,Атмосферный,6.8,Волнительный,6.4,Умный,5.7
775,Самурай,8.1,Атмосферный,7.6,Волнительный,7.5,Жестокий,5.5
776,Солярис,8.1,Странный,7.7,Умный,6.8,Атмосферный,5.5
777,Фарго,8.1,Волнительный,9.0,Атмосферный,6.2,Умный,6.2
778,Кабинет доктора Калигари,8.1,Атмосферный,8.5,Волнительный,7.5,Странный,6.1
779,007: Казино Рояль,8.0,Волнительный,7.1,Атмосферный,7.1,Вдохновляющий,5.2
780,Кровавый алмаз,8.0,Атмосферный,6.4,Волнительный,6.4,Жестокий,6.0
781,12 обезьян,8.0,Атмосферный,7.2,Волнительный,6.4,Странный,6.2
782,Выживший,8.0,Атмосферный,8.2,Волнительный,6.4,Жестокий,5.0
783,Голос улиц,7.8,Вдохновляющий,7.3,Волнительный,6.1,Атмосферный,6.0
784,Апокалипсис,7.8,Атмосферный,8.0,Жестокий,6.2,Волнительный,5.8
785,Титаник,7.8,Романтичный,8.7,Трогательный,7.5,Волнительный,6.5
786,Бронкская история,7.8,Волнительный,7.7,Умный,5.8,Вдохновляющий,5.5
787,Пробуждение,7.8,Трогательный,7.7,Добрый,6.9,Вдохновляющий,5.2
788,007: Координаты «Скайфолл»,7.8,Атмосферный,7.9,Волнительный,7.1,Умный,5.4
789,Хоббит: Пустошь Смауга,7.8,Атмосферный,7.9,Волнительный,6.2,Добрый,5.8
790,Беглец,7.8,Волнительный,7.4,Умный,7.0,Атмосферный,5.9
791,Миссисипи в огне,7.8,Атмосферный,6.3,Волнительный,6.3,Жестокий,6.1
792,Последний самурай,7.7,Атмосферный,7.1,Волнительный,7.1,Вдохновляющий,5.6
793,Отвращение,7.7,Волнительный,7.9,Атмосферный,7.4,Странный,5.2
794,Из машины,7.7,Атмосферный,7.7,Умный,6.1,Волнительный,5.7
795,Открой глаза,7.7,Волнительный,8.1,Атмосферный,6.7,Умный,6.1
796,Социальная сеть,7.7,Вдохновляющий,7.5,Умный,7.3,Атмосферный,4.8
797,Игра,7.7,Волнительный,8.2,Атмосферный,7.8,Умный,7.6
798,Проклятый путь,7.7,Атмосферный,7.3,Жестокий,4.6,Умный,4.6
799,28 дней спустя,7.6,Страшный,6.6,Жестокий,6.2,Атмосферный,5.8
800,Здесь курят,7.6,Волнительный,5.4,Вдохновляющий,5.4,Добрый,5.4
801,На обочине,7.5,Странный,5.5,Вдохновляющий,5.2,Трогательный,4.9
802,Преследование,7.5,Волнительный,8.7,Умный,6.6,Атмосферный,5.8
803,Восстание Планеты обезьян,7.5,Атмосферный,7.2,Волнительный,6.9,Жестокий,5.4
804,Парни не плачут,7.5,Волнительный,6.9,Трогательный,5.7,Атмосферный,4.7
805,Всё ещё Элис,7.5,Трогательный,7.8,Волнительный,7.3,Романтичный,6.1
806,Часы,7.5,Трогательный,6.8,Волнительный,5.8,Странный,5.6
807,Призрачная нить,7.5,Волнительный,6.5,Трогательный,6.4,Романтичный,5.3
808,Петля времени,7.4,Волнительный,7.5,Вдохновляющий,5.8,Атмосферный,5.6
809,Дипломная работа,7.4,Волнительный,8.8,Атмосферный,6.2,Страшный,5.9
810,Дилер,7.4,Волнительный,6.6,Атмосферный,5.1,Трогательный,4.3
811,Книга джунглей,7.4,Добрый,8.5,Трогательный,6.5,Вдохновляющий,6.0
812,Звёздный путь 4: Дорога Домой,7.3,Волнительный,7.0,Атмосферный,6.6,Вдохновляющий,6.5
813,Великолепная афера,7.3,Умный,6.6,Атмосферный,6.2,Волнительный,6.1
814,Народ против Ларри Флинта,7.3,Чувственный,5.8,Странный,4.9,Атмосферный,4.7
815,По волчьим законам,7.3,Волнительный,5.7,Атмосферный,5.3,Жестокий,4.8
816,Доктор Сон,7.3,Страшный,6.3,Атмосферный,5.8,Странный,4.3
817,Потомки,7.3,Вдохновляющий,7.3,Добрый,6.8,Трогательный,6.4
818,Перелом,7.2,Волнительный,7.1,Атмосферный,6.4,Умный,6.1
819,Приговор,7.2,Волнительный,6.2,Трогательный,5.5,Умный,5.3
820,Спуск,7.2,Страшный,6.9,Жестокий,6.7,Волнительный,5.3
821,Близость,7.2,Романтичный,7.5,Волнительный,7.2,Трогательный,4.9
822,Голодные игры,7.2,Атмосферный,8.3,Волнительный,7.2,Вдохновляющий,4.7
823,Ограды,7.2,Трогательный,8.3,Волнительный,7.5,Романтичный,5.7
824,"Кловерфилд, 10",7.2,Атмосферный,6.9,Волнительный,6.9,Страшный,5.4
825,Рождённый четвёртого июля,7.2,Вдохновляющий,6.8,Волнительный,6.6,Трогательный,6.0
826,Звездный десант,7.2,Волнительный,7.0,Атмосферный,6.0,Жестокий,5.2
827,Расплата,7.1,Волнительный,7.5,Атмосферный,5.9,Умный,5.9
828,Флаги наших отцов,7.1,Атмосферный,6.6,Вдохновляющий,6.2,Волнительный,6.1
829,Вердикт за деньги,7.1,Волнительный,7.0,Умный,6.2,Вдохновляющий,5.6
830,Стажёр,7.1,Добрый,8.8,Вдохновляющий,7.2,Трогательный,6.9
831,Глубоководный горизонт,7.1,Волнительный,8.1,Атмосферный,7.2,Вдохновляющий,5.2
832,Операция Валькирия,7.1,Волнительный,8.2,Атмосферный,6.5,Умный,5.3
833,Ноттинг Хилл,7.1,Романтичный,8.1,Трогательный,6.6,Добрый,6.5
834,Ограбление по-итальянски,7.0,Волнительный,7.6,Умный,5.9,Атмосферный,5.5
835,Один день,7.0,Романтичный,8.7,Трогательный,7.4,Добрый,6.2
836,Слова,7.0,Романтичный,7.7,Трогательный,6.8,Волнительный,6.7
837,Клад,7.0,Добрый,6.0,Волнительный,5.9,Атмосферный,4.6
838,Последний замок,7.0,Волнительный,8.0,Атмосферный,6.2,Вдохновляющий,5.9
839,Предместье,6.9,Добрый,7.0,Волнительный,6.7,Странный,5.3
840,История рыцаря,6.9,Романтичный,7.8,Добрый,6.4,Трогательный,5.5
841,В погоне за Бонни и Клайдом,6.9,Волнительный,8.0,Атмосферный,6.2,Трогательный,5.2
842,Плохие парни,6.9,Смешной,8.0,Волнительный,5.5,Атмосферный,5.4
843,Умереть заново,6.9,Романтичный,7.3,Трогательный,7.0,Волнительный,5.8
844,Свободный штат Джонса,6.9,Волнительный,7.0,Трогательный,6.8,Атмосферный,5.7
845,Ведьмы,6.9,Волнительный,6.7,Добрый,5.3,Трогательный,5.1
846,Прямая и явная угроза,6.9,Волнительный,6.9,Атмосферный,6.4,Вдохновляющий,5.8
847,1408,6.8,Атмосферный,7.1,Страшный,6.9,Волнительный,6.4
848,Девичник в Вегасе,6.8,Романтичный,6.8,Смешной,6.8,Добрый,5.6
849,Древо жизни,6.8,Трогательный,7.7,Добрый,6.2,Волнительный,5.5
850,Аннигиляция,6.8,Атмосферный,6.7,Волнительный,6.5,Странный,6.3
851,Кровавая жатва,6.8,Волнительный,8.6,Страшный,8.2,Атмосферный,4.5
852,Великий уравнитель 2,6.7,Волнительный,6.8,Атмосферный,6.7,Жестокий,5.8
853,Игра Эндера,6.6,Атмосферный,7.9,Волнительный,5.8,Умный,5.7
854,Плохие парни навсегда,6.6,Смешной,6.6,Вдохновляющий,4.9,Атмосферный,4.5
855,Убийство в «Восточном экспрессе»,6.5,Умный,8.3,Атмосферный,7.9,Волнительный,7.4
856,Последний отпуск,6.5,Добрый,8.1,Романтичный,6.4,Вдохновляющий,5.8
857,Иллюзия обмана 2,6.5,Умный,7.3,Атмосферный,6.4,Вдохновляющий,5.4
858,Бегущий в лабиринте: Лекарство от смерти,6.3,Волнительный,7.1,Атмосферный,6.8,Вдохновляющий,5.0
859,Зов волка,6.9,Волнительный,7.3,Трогательный,5.9,Атмосферный,5.7
860,Гипноз,5.4,Волнительный,7.3,Страшный,5.3,Атмосферный,5.1
861,Логово Монстра,6.5,Страшный,6.1,Волнительный,5.0,Жестокий,4.9
862,Завет доктора Мабузе,8.0,Волнительный,9.0,Атмосферный,7.8,Странный,5.4
863,Частная война,6.7,Волнительный,6.9,Жестокий,6.2,Вдохновляющий,6.0
864,Не покидай...,7.9,Добрый,7.8,Атмосферный,6.9,Романтичный,6.8
865,"Это убийство, моя милочка",7.6,Волнительный,9.0,Атмосферный,7.2,Умный,5.0
866,"Город, в котором меня нет",6.4,Волнительный,6.6,Трогательный,6.0,Добрый,5.0
867,Энн из Зеленых крыш,8.5,Добрый,8.1,Трогательный,7.9,Атмосферный,6.6
868,Курск,6.6,Волнительный,8.0,Грустный,6.6,Трогательный,6.4
869,Крёстный отец 2,9.0,Волнительный,8.0,Умный,5.7,Жестокий,5.7
870,Тёмный рыцарь: Возрождение легенды,8.4,Атмосферный,7.3,Волнительный,6.6,Вдохновляющий,5.1
871,Бесславные ублюдки,8.3,Атмосферный,6.5,Жестокий,6.4,Волнительный,5.5
872,Они никогда не станут старше,8.3,Волнительный,7.3,Вдохновляющий,6.8,Трогательный,6.5
873,Непрощённый,8.2,Волнительный,7.3,Атмосферный,6.8,Вдохновляющий,5.2
874,Таксист,8.2,Волнительный,7.0,Атмосферный,6.7,Жестокий,6.2
875,Шерлок: Безобразная Невеста,8.2,Умный,8.5,Атмосферный,5.9,Волнительный,5.6
876,Хатико: Самый верный друг,8.1,Трогательный,9.2,Грустный,7.5,Добрый,7.2
877,Ночь охотника,8.0,Волнительный,9.0,Атмосферный,7.2,Странный,4.8
878,Вся президентская рать,8.0,Волнительный,8.8,Вдохновляющий,6.0,Умный,5.8
879,Верёвка,8.0,Волнительный,8.6,Атмосферный,6.0,Умный,5.6
880,Убить Билла: Фильм 2,8.0,Жестокий,7.9,Волнительный,5.1,Атмосферный,5.1
881,38-я параллель,8.0,Волнительный,6.8,Жестокий,6.7,Трогательный,5.1
882,Звездный путь,7.9,Атмосферный,6.7,Вдохновляющий,6.0,Волнительный,5.8
883,Асфальтовые джунгли,7.9,Волнительный,9.0,Атмосферный,6.7,Жестокий,4.6
884,Неприкасаемые,7.9,Волнительный,7.3,Умный,5.3,Атмосферный,5.2
885,Идентификация Борна,7.9,Волнительный,7.9,Атмосферный,5.7,Жестокий,4.9
886,Объединённая зона безопасности,7.8,Атмосферный,6.0,Жестокий,5.9,Волнительный,5.6
887,Эми,7.8,Волнительный,7.0,Вдохновляющий,5.9,Атмосферный,5.7
888,Фейерверк,7.8,Добрый,5.2,Волнительный,4.9,Странный,4.9
889,Боец,7.8,Вдохновляющий,7.4,Волнительный,7.0,Атмосферный,4.6
890,Свой человек,7.8,Волнительный,9.0,Умный,5.7,Вдохновляющий,5.6
891,Миссия «Серенити»,7.8,Волнительный,6.9,Атмосферный,6.8,Вдохновляющий,4.9
892,Мой парень – псих,7.7,Романтичный,7.1,Волнительный,5.7,Трогательный,5.7
893,Несколько хороших парней,7.7,Волнительный,6.5,Вдохновляющий,6.4,Умный,6.1
894,Миссия невыполнима: Последствия,7.7,Атмосферный,7.5,Умный,5.7,Волнительный,5.6
895,Птицы,7.7,Волнительный,8.1,Атмосферный,6.5,Страшный,5.5
896,Ураган,7.6,Вдохновляющий,6.6,Атмосферный,6.3,Волнительный,5.8
897,Крид: Наследие Рокки,7.6,Вдохновляющий,7.2,Атмосферный,5.7,Трогательный,5.3
898,О теле и душе,7.6,Волнительный,7.0,Трогательный,6.7,Романтичный,5.5
899,Особое мнение,7.6,Волнительный,6.5,Атмосферный,6.2,Умный,5.5
900,Мосты округа Мэдисон,7.6,Романтичный,7.5,Трогательный,7.1,Добрый,5.9
901,Иллюзионист,7.6,Волнительный,6.8,Атмосферный,6.5,Умный,5.8
902,Поиск,7.6,Волнительный,6.1,Атмосферный,6.0,Умный,5.8
903,Джеки Браун,7.5,Волнительный,6.8,Умный,5.7,Атмосферный,5.5
904,Маяк,7.5,Атмосферный,7.0,Странный,6.2,Волнительный,5.0
905,Время убивать,7.5,Волнительный,7.2,Атмосферный,5.5,Умный,5.0
906,Битлджюс,7.5,Странный,6.4,Смешной,5.2,Волнительный,4.1
907,Жизнь как дом,7.5,Трогательный,6.9,Волнительный,6.1,Добрый,5.9
908,"Человек, которого не было",7.5,Волнительный,6.6,Атмосферный,6.6,Умный,5.1
909,Открытый простор,7.4,Волнительный,7.1,Атмосферный,6.5,Вдохновляющий,5.4
910,Эквилибриум,7.4,Атмосферный,7.9,Волнительный,6.5,Умный,5.3
911,Темные времена,7.4,Умный,7.0,Волнительный,6.5,Атмосферный,4.9
912,Человек-паук: Вдали от дома,7.4,Смешной,5.1,Атмосферный,4.9,Добрый,4.8
913,Джон Уик,7.4,Жестокий,7.5,Волнительный,5.9,Атмосферный,5.8
914,Патерсон,7.4,Романтичный,7.4,Трогательный,6.4,Добрый,6.2
915,День патриота,7.4,Волнительный,7.3,Атмосферный,6.2,Вдохновляющий,5.6
916,Неоспоримый 3,7.4,Жестокий,7.3,Волнительный,5.7,Атмосферный,5.4
917,Неогранённые драгоценности,7.4,Волнительный,6.3,Атмосферный,4.7,Странный,4.6
918,Белый плен,7.3,Добрый,8.4,Трогательный,8.0,Волнительный,6.4
919,Эль Камино: Во все тяжкие,7.3,Волнительный,6.3,Жестокий,6.0,Умный,5.6
920,Слоеный торт,7.3,Волнительный,7.4,Умный,5.6,Вдохновляющий,5.0
921,Женщины ХХ века,7.3,Добрый,6.7,Трогательный,6.4,Вдохновляющий,5.7
922,Игры разумов,7.3,Умный,7.7,Вдохновляющий,5.9,Атмосферный,5.2
923,Спеши любить,7.3,Романтичный,8.7,Трогательный,7.6,Добрый,6.3
924,Маленькие женщины,7.3,Добрый,7.7,Трогательный,6.9,Вдохновляющий,6.1
925,Кон-Тики,7.2,Волнительный,7.7,Вдохновляющий,6.4,Атмосферный,5.0
926,Секретное досье,7.2,Волнительный,7.0,Умный,6.1,Вдохновляющий,5.4
927,Молчание,7.2,Волнительный,6.7,Атмосферный,6.2,Вдохновляющий,6.0
928,Афера по-американски,7.2,Волнительный,7.1,Вдохновляющий,5.7,Умный,5.4
929,Квадрат,7.2,Волнительный,6.6,Странный,6.3,Вдохновляющий,5.1
930,Без лица,7.2,Волнительный,7.8,Жестокий,6.0,Атмосферный,5.5
931,Девушка из Дании,7.1,Трогательный,7.4,Романтичный,7.2,Добрый,5.7
932,Джон Кью,7.1,Трогательный,6.7,Вдохновляющий,5.4,Волнительный,5.2
933,Преодоление,7.1,Волнительный,7.5,Вдохновляющий,7.3,Трогательный,5.6
934,Общак,7.1,Волнительный,7.3,Атмосферный,5.7,Жестокий,5.3
935,45 лет,7.1,Трогательный,7.2,Романтичный,5.9,Добрый,5.4
936,Жажда,7.1,Волнительный,6.9,Романтичный,5.4,Атмосферный,5.3
937,Побочный эффект,7.1,Волнительный,7.2,Умный,6.6,Трогательный,5.3
938,Поллок,7.0,Волнительный,7.0,Умный,5.5,Вдохновляющий,5.2
939,РЭД,7.0,Смешной,6.9,Атмосферный,6.1,Волнительный,5.8
940,Погребённый заживо,7.0,Волнительный,7.6,Страшный,6.5,Жестокий,5.3
941,Час пик,7.0,Смешной,8.1,Добрый,6.7,Атмосферный,4.7
942,Другой мир,7.0,Атмосферный,7.3,Волнительный,6.0,Жестокий,5.2
943,Американский пирог,7.0,Смешной,7.8,Глупый,5.9,Чувственный,5.4
944,Признания опасного человека,7.0,Волнительный,7.3,Атмосферный,6.7,Вдохновляющий,5.2
945,Второй Шанс,7.0,Трогательный,7.3,Добрый,6.3,Романтичный,6.1
946,Последний бойскаут,7.0,Атмосферный,6.4,Волнительный,6.1,Вдохновляющий,5.9
947,Морпехи,7.0,Волнительный,7.3,Атмосферный,6.1,Жестокий,5.8
948,Грязные танцы,7.0,Романтичный,8.9,Трогательный,7.1,Вдохновляющий,5.9
949,Подарок,7.0,Волнительный,6.4,Трогательный,4.4,Добрый,4.2
950,Жена смотрителя зоопарка,7.0,Трогательный,7.9,Добрый,7.8,Волнительный,6.4
951,В сердце моря,6.9,Волнительный,7.5,Трогательный,6.2,Атмосферный,5.8
952,"Хроники Нарнии: Лев, колдунья и волшебный шкаф",6.9,Добрый,8.7,Трогательный,6.3,Атмосферный,5.5
953,Его игра,6.9,Вдохновляющий,7.3,Волнительный,6.0,Трогательный,5.6
954,Убить гонца,6.9,Жестокий,6.4,Волнительный,6.4,Атмосферный,5.2
955,Сердца в Атлантиде,6.9,Волнительный,7.2,Атмосферный,5.4,Вдохновляющий,5.2
956,Перевозчик,6.8,Волнительный,7.2,Атмосферный,6.9,Жестокий,4.6
957,Сиротский Бруклин,6.8,Волнительный,6.5,Атмосферный,6.3,Умный,6.2
958,Гол! Все начинается с мечты,6.7,Вдохновляющий,7.5,Волнительный,6.1,Трогательный,5.8
959,Тихая гавань,6.7,Романтичный,8.7,Трогательный,7.3,Добрый,5.8
960,Меч короля Артура,6.7,Атмосферный,7.6,Волнительный,5.9,Умный,5.2
961,Хроники Риддика,6.7,Атмосферный,7.6,Волнительный,5.8,Жестокий,5.2
962,Соседка,6.7,Романтичный,7.0,Смешной,5.8,Чувственный,5.5
963,Искусство самообороны,6.6,Вдохновляющий,6.5,Странный,6.2,Волнительный,5.6
964,Код Да Винчи,6.6,Атмосферный,8.3,Волнительный,7.6,Умный,7.4
965,"Жизнь, как она есть",6.5,Добрый,7.4,Смешной,5.9,Романтичный,5.7
966,Космос между нами,6.4,Романтичный,8.1,Добрый,6.3,Трогательный,5.9
967,Девятая сессия,6.4,Волнительный,7.7,Страшный,7.7,Атмосферный,5.1
968,Блондинка в законе,6.4,Добрый,7.4,Смешной,6.8,Романтичный,5.3
969,Весь этот мир,6.4,Романтичный,8.0,Трогательный,6.9,Волнительный,5.8
970,Анатомия любви,6.3,Романтичный,8.0,Трогательный,6.7,Чувственный,5.6
971,Лёд,6.9,Романтичный,8.6,Трогательный,6.7,Добрый,6.0
972,В поисках праздника,6.7,Добрый,7.2,Трогательный,7.0,Романтичный,6.7
973,Черная полоса,7.5,Волнительный,8.9,Атмосферный,7.1,Умный,4.9
974,Загадочный пассажир,7.8,Волнительный,9.0,Атмосферный,6.9,Странный,5.2
975,Вернуть Бена,6.7,Трогательный,7.8,Романтичный,6.4,Волнительный,5.9
976,Малыш,7.4,Трогательный,8.4,Добрый,7.2,Вдохновляющий,7.1
977,Баария,6.9,Романтичный,7.5,Трогательный,7.0,Добрый,6.5
978,Птица с хрустальным оперением,7.2,Волнительный,8.7,Атмосферный,6.9,Страшный,5.5
979,Kulari Ke Pantai,7.8,Добрый,8.3,Трогательный,8.2,Вдохновляющий,6.7
980,...А в душе я танцую,7.8,Трогательный,9.0,Вдохновляющий,7.6,Добрый,7.2
981,Энн из Зеленых крыш: Продолжение,8.4,Романтичный,7.5,Добрый,7.2,Трогательный,6.4
982,Красный круг,8.0,Волнительный,8.5,Атмосферный,7.2,Жестокий,4.8
983,Последнее пристанище,8.6,Волнительный,8.7,Умный,6.5,Атмосферный,4.8
984,Начало,8.8,Атмосферный,8.6,Умный,8.0,Волнительный,6.3
985,"Хороший, плохой, злой",8.8,Атмосферный,7.9,Волнительный,6.5,Жестокий,4.8
986,Однажды на Диком Западе,8.5,Волнительный,7.9,Атмосферный,7.2,Жестокий,4.9
987,Американская история Х,8.5,Жестокий,7.2,Волнительный,6.1,Злой,4.5
988,Мстители: Финал,8.4,Атмосферный,8.1,Волнительный,7.4,Вдохновляющий,6.2
989,Реквием по мечте,8.3,Волнительный,8.2,Грустный,7.8,Атмосферный,5.1
990,Однажды в Америке,8.3,Волнительный,7.3,Атмосферный,7.2,Умный,4.7
991,В случае убийства набирайте «М»,8.2,Волнительный,8.6,Умный,5.8,Атмосферный,5.6
992,На несколько долларов больше,8.2,Волнительный,7.2,Атмосферный,6.6,Жестокий,5.5
993,Схватка,8.2,Волнительный,7.2,Жестокий,5.2,Умный,5.1
994,Третий человек,8.1,Волнительный,8.9,Атмосферный,6.4,Умный,4.9
995,Комната,8.1,Волнительный,7.6,Трогательный,6.1,Странный,4.9
996,Один,8.1,Волнительный,7.0,Атмосферный,6.6,Умный,6.4
997,Мужские разборки,8.1,Волнительный,8.9,Атмосферный,5.4,Жестокий,5.4
998,Воин,8.1,Вдохновляющий,7.6,Волнительный,5.6,Атмосферный,5.2
999,Собачий полдень,8.0,Волнительный,8.1,Жестокий,5.8,Атмосферный,5.4
