id,style,part,thing,color,price,sex,season
1,повседневный,1,топ,фиолетовый,999,f,зима
1,повседневный,1,топ,фиолетовый,999,f,лето
1,повседневный,1,топ,фиолетовый,999,f,демисезон
1,спортивный,1,топ,фиолетовый,999,f,зима
1,спортивный,1,топ,фиолетовый,999,f,лето
1,спортивный,1,топ,фиолетовый,999,f,демисезон
1,вечерний,1,топ,фиолетовый,999,f,зима
1,вечерний,1,топ,фиолетовый,999,f,лето
1,вечерний,1,топ,фиолетовый,999,f,демисезон
1,повседневный,1,топ,фиолетовый,999,f,зима
1,повседневный,1,топ,фиолетовый,999,f,лето
1,повседневный,1,топ,фиолетовый,999,f,демисезон
1,спортивный,1,топ,фиолетовый,999,f,зима
1,спортивный,1,топ,фиолетовый,999,f,лето
1,спортивный,1,топ,фиолетовый,999,f,демисезон
1,вечерний,1,топ,фиолетовый,999,f,зима
1,вечерний,1,топ,фиолетовый,999,f,лето
1,вечерний,1,топ,фиолетовый,999,f,демисезон
1,повседневный,1,топ,фиолетовый,999,f,зима
1,повседневный,1,топ,фиолетовый,999,f,лето
1,повседневный,1,топ,фиолетовый,999,f,демисезон
1,спортивный,1,топ,фиолетовый,999,f,зима
1,спортивный,1,топ,фиолетовый,999,f,лето
1,спортивный,1,топ,фиолетовый,999,f,демисезон
1,вечерний,1,топ,фиолетовый,999,f,зима
1,вечерний,1,топ,фиолетовый,999,f,лето
1,вечерний,1,топ,фиолетовый,999,f,демисезон
2,повседневный,1,топ,серый,1599,f,зима
2,повседневный,1,топ,серый,1599,f,лето
2,повседневный,1,топ,серый,1599,f,демисезон
2,спортивный,1,топ,серый,1599,f,зима
2,спортивный,1,топ,серый,1599,f,лето
2,спортивный,1,топ,серый,1599,f,демисезон
2,вечерний,1,топ,серый,1599,f,зима
2,вечерний,1,топ,серый,1599,f,лето
2,вечерний,1,топ,серый,1599,f,демисезон
2,повседневный,1,топ,серый,1599,f,зима
2,повседневный,1,топ,серый,1599,f,лето
2,повседневный,1,топ,серый,1599,f,демисезон
2,спортивный,1,топ,серый,1599,f,зима
2,спортивный,1,топ,серый,1599,f,лето
2,спортивный,1,топ,серый,1599,f,демисезон
2,вечерний,1,топ,серый,1599,f,зима
2,вечерний,1,топ,серый,1599,f,лето
2,вечерний,1,топ,серый,1599,f,демисезон
2,повседневный,1,топ,серый,1599,f,зима
2,повседневный,1,топ,серый,1599,f,лето
2,повседневный,1,топ,серый,1599,f,демисезон
2,спортивный,1,топ,серый,1599,f,зима
2,спортивный,1,топ,серый,1599,f,лето
2,спортивный,1,топ,серый,1599,f,демисезон
2,вечерний,1,топ,серый,1599,f,зима
2,вечерний,1,топ,серый,1599,f,лето
2,вечерний,1,топ,серый,1599,f,демисезон
3,повседневный,1,топ с длинным рукавом,медный,1449,f,зима
3,повседневный,1,топ с длинным рукавом,медный,1449,f,лето
3,повседневный,1,топ с длинным рукавом,медный,1449,f,демисезон
3,спортивный,1,топ с длинным рукавом,медный,1449,f,зима
3,спортивный,1,топ с длинным рукавом,медный,1449,f,лето
3,спортивный,1,топ с длинным рукавом,медный,1449,f,демисезон
3,вечерний,1,топ с длинным рукавом,медный,1449,f,зима
3,вечерний,1,топ с длинным рукавом,медный,1449,f,лето
3,вечерний,1,топ с длинным рукавом,медный,1449,f,демисезон
3,повседневный,1,топ с длинным рукавом,медный,1449,f,зима
3,повседневный,1,топ с длинным рукавом,медный,1449,f,лето
3,повседневный,1,топ с длинным рукавом,медный,1449,f,демисезон
3,спортивный,1,топ с длинным рукавом,медный,1449,f,зима
3,спортивный,1,топ с длинным рукавом,медный,1449,f,лето
3,спортивный,1,топ с длинным рукавом,медный,1449,f,демисезон
3,вечерний,1,топ с длинным рукавом,медный,1449,f,зима
3,вечерний,1,топ с длинным рукавом,медный,1449,f,лето
3,вечерний,1,топ с длинным рукавом,медный,1449,f,демисезон
3,повседневный,1,топ с длинным рукавом,медный,1449,f,зима
3,повседневный,1,топ с длинным рукавом,медный,1449,f,лето
3,повседневный,1,топ с длинным рукавом,медный,1449,f,демисезон
3,спортивный,1,топ с длинным рукавом,медный,1449,f,зима
3,спортивный,1,топ с длинным рукавом,медный,1449,f,лето
3,спортивный,1,топ с длинным рукавом,медный,1449,f,демисезон
3,вечерний,1,топ с длинным рукавом,медный,1449,f,зима
3,вечерний,1,топ с длинным рукавом,медный,1449,f,лето
3,вечерний,1,топ с длинным рукавом,медный,1449,f,демисезон
4,повседневный,1,топ с длинным рукавом,персиковый,1349,f,зима
4,повседневный,1,топ с длинным рукавом,персиковый,1349,f,лето
4,повседневный,1,топ с длинным рукавом,персиковый,1349,f,демисезон
4,спортивный,1,топ с длинным рукавом,персиковый,1349,f,зима
4,спортивный,1,топ с длинным рукавом,персиковый,1349,f,лето
4,спортивный,1,топ с длинным рукавом,персиковый,1349,f,демисезон
4,вечерний,1,топ с длинным рукавом,персиковый,1349,f,зима
4,вечерний,1,топ с длинным рукавом,персиковый,1349,f,лето
4,вечерний,1,топ с длинным рукавом,персиковый,1349,f,демисезон
4,повседневный,1,топ с длинным рукавом,персиковый,1349,f,зима
4,повседневный,1,топ с длинным рукавом,персиковый,1349,f,лето
4,повседневный,1,топ с длинным рукавом,персиковый,1349,f,демисезон
4,спортивный,1,топ с длинным рукавом,персиковый,1349,f,зима
4,спортивный,1,топ с длинным рукавом,персиковый,1349,f,лето
4,спортивный,1,топ с длинным рукавом,персиковый,1349,f,демисезон
4,вечерний,1,топ с длинным рукавом,персиковый,1349,f,зима
4,вечерний,1,топ с длинным рукавом,персиковый,1349,f,лето
4,вечерний,1,топ с длинным рукавом,персиковый,1349,f,демисезон
4,повседневный,1,топ с длинным рукавом,персиковый,1349,f,зима
4,повседневный,1,топ с длинным рукавом,персиковый,1349,f,лето
4,повседневный,1,топ с длинным рукавом,персиковый,1349,f,демисезон
4,спортивный,1,топ с длинным рукавом,персиковый,1349,f,зима
4,спортивный,1,топ с длинным рукавом,персиковый,1349,f,лето
4,спортивный,1,топ с длинным рукавом,персиковый,1349,f,демисезон
4,вечерний,1,топ с длинным рукавом,персиковый,1349,f,зима
4,вечерний,1,топ с длинным рукавом,персиковый,1349,f,лето
4,вечерний,1,топ с длинным рукавом,персиковый,1349,f,демисезон
5,повседневный,1,топ на пуговицах,коричневый,1599,f,зима
5,повседневный,1,топ на пуговицах,коричневый,1599,f,лето
5,повседневный,1,топ на пуговицах,коричневый,1599,f,демисезон
5,вечерний,1,топ на пуговицах,коричневый,1599,f,зима
5,вечерний,1,топ на пуговицах,коричневый,1599,f,лето
5,вечерний,1,топ на пуговицах,коричневый,1599,f,демисезон
5,повседневный,1,топ на пуговицах,коричневый,1599,f,зима
5,повседневный,1,топ на пуговицах,коричневый,1599,f,лето
5,повседневный,1,топ на пуговицах,коричневый,1599,f,демисезон
5,вечерний,1,топ на пуговицах,коричневый,1599,f,зима
5,вечерний,1,топ на пуговицах,коричневый,1599,f,лето
5,вечерний,1,топ на пуговицах,коричневый,1599,f,демисезон
5,повседневный,1,топ на пуговицах,коричневый,1599,f,зима
5,повседневный,1,топ на пуговицах,коричневый,1599,f,лето
5,повседневный,1,топ на пуговицах,коричневый,1599,f,демисезон
5,вечерний,1,топ на пуговицах,коричневый,1599,f,зима
5,вечерний,1,топ на пуговицах,коричневый,1599,f,лето
5,вечерний,1,топ на пуговицах,коричневый,1599,f,демисезон
6,вечерний,1,туника,коричневый,1099,f,зима
6,вечерний,1,туника,коричневый,1099,f,лето
6,вечерний,1,туника,коричневый,1099,f,демисезон
6,вечерний,1,туника,коричневый,1099,f,зима
6,вечерний,1,туника,коричневый,1099,f,лето
6,вечерний,1,туника,коричневый,1099,f,демисезон
6,вечерний,1,туника,коричневый,1099,f,зима
6,вечерний,1,туника,коричневый,1099,f,лето
6,вечерний,1,туника,коричневый,1099,f,демисезон
7,повседневный,1,рубашка с длинным рукавом,фиолетовый,1049,u,зима
7,повседневный,1,рубашка с длинным рукавом,фиолетовый,1049,u,лето
7,повседневный,1,рубашка с длинным рукавом,фиолетовый,1049,u,демисезон
7,классический,1,рубашка с длинным рукавом,фиолетовый,1049,u,зима
7,классический,1,рубашка с длинным рукавом,фиолетовый,1049,u,лето
7,классический,1,рубашка с длинным рукавом,фиолетовый,1049,u,демисезон
7,вечерний,1,рубашка с длинным рукавом,фиолетовый,1049,u,зима
7,вечерний,1,рубашка с длинным рукавом,фиолетовый,1049,u,лето
7,вечерний,1,рубашка с длинным рукавом,фиолетовый,1049,u,демисезон
7,повседневный,1,рубашка с длинным рукавом,фиолетовый,1049,u,зима
7,повседневный,1,рубашка с длинным рукавом,фиолетовый,1049,u,лето
7,повседневный,1,рубашка с длинным рукавом,фиолетовый,1049,u,демисезон
7,классический,1,рубашка с длинным рукавом,фиолетовый,1049,u,зима
7,классический,1,рубашка с длинным рукавом,фиолетовый,1049,u,лето
7,классический,1,рубашка с длинным рукавом,фиолетовый,1049,u,демисезон
7,вечерний,1,рубашка с длинным рукавом,фиолетовый,1049,u,зима
7,вечерний,1,рубашка с длинным рукавом,фиолетовый,1049,u,лето
7,вечерний,1,рубашка с длинным рукавом,фиолетовый,1049,u,демисезон
7,повседневный,1,рубашка с длинным рукавом,фиолетовый,1049,u,зима
7,повседневный,1,рубашка с длинным рукавом,фиолетовый,1049,u,лето
7,повседневный,1,рубашка с длинным рукавом,фиолетовый,1049,u,демисезон
7,классический,1,рубашка с длинным рукавом,фиолетовый,1049,u,зима
7,классический,1,рубашка с длинным рукавом,фиолетовый,1049,u,лето
7,классический,1,рубашка с длинным рукавом,фиолетовый,1049,u,демисезон
7,вечерний,1,рубашка с длинным рукавом,фиолетовый,1049,u,зима
7,вечерний,1,рубашка с длинным рукавом,фиолетовый,1049,u,лето
7,вечерний,1,рубашка с длинным рукавом,фиолетовый,1049,u,демисезон
8,повседневный,1,рубашка с длинным рукавом,голубой,1149,u,зима
8,повседневный,1,рубашка с длинным рукавом,голубой,1149,u,лето
8,повседневный,1,рубашка с длинным рукавом,голубой,1149,u,демисезон
8,классический,1,рубашка с длинным рукавом,голубой,1149,u,зима
8,классический,1,рубашка с длинным рукавом,голубой,1149,u,лето
8,классический,1,рубашка с длинным рукавом,голубой,1149,u,демисезон
8,вечерний,1,рубашка с длинным рукавом,голубой,1149,u,зима
8,вечерний,1,рубашка с длинным рукавом,голубой,1149,u,лето
8,вечерний,1,рубашка с длинным рукавом,голубой,1149,u,демисезон
8,повседневный,1,рубашка с длинным рукавом,голубой,1149,u,зима
8,повседневный,1,рубашка с длинным рукавом,голубой,1149,u,лето
8,повседневный,1,рубашка с длинным рукавом,голубой,1149,u,демисезон
8,классический,1,рубашка с длинным рукавом,голубой,1149,u,зима
8,классический,1,рубашка с длинным рукавом,голубой,1149,u,лето
8,классический,1,рубашка с длинным рукавом,голубой,1149,u,демисезон
8,вечерний,1,рубашка с длинным рукавом,голубой,1149,u,зима
8,вечерний,1,рубашка с длинным рукавом,голубой,1149,u,лето
8,вечерний,1,рубашка с длинным рукавом,голубой,1149,u,демисезон
8,повседневный,1,рубашка с длинным рукавом,голубой,1149,u,зима
8,повседневный,1,рубашка с длинным рукавом,голубой,1149,u,лето
8,повседневный,1,рубашка с длинным рукавом,голубой,1149,u,демисезон
8,классический,1,рубашка с длинным рукавом,голубой,1149,u,зима
8,классический,1,рубашка с длинным рукавом,голубой,1149,u,лето
8,классический,1,рубашка с длинным рукавом,голубой,1149,u,демисезон
8,вечерний,1,рубашка с длинным рукавом,голубой,1149,u,зима
8,вечерний,1,рубашка с длинным рукавом,голубой,1149,u,лето
8,вечерний,1,рубашка с длинным рукавом,голубой,1149,u,демисезон
9,повседневный,1,футболка,фиолетовый,1099,u,зима
9,повседневный,1,футболка,фиолетовый,1099,u,лето
9,повседневный,1,футболка,фиолетовый,1099,u,демисезон
9,спортивный,1,футболка,фиолетовый,1099,u,зима
9,спортивный,1,футболка,фиолетовый,1099,u,лето
9,спортивный,1,футболка,фиолетовый,1099,u,демисезон
9,повседневный,1,футболка,фиолетовый,1099,u,зима
9,повседневный,1,футболка,фиолетовый,1099,u,лето
9,повседневный,1,футболка,фиолетовый,1099,u,демисезон
9,спортивный,1,футболка,фиолетовый,1099,u,зима
9,спортивный,1,футболка,фиолетовый,1099,u,лето
9,спортивный,1,футболка,фиолетовый,1099,u,демисезон
9,повседневный,1,футболка,фиолетовый,1099,u,зима
9,повседневный,1,футболка,фиолетовый,1099,u,лето
9,повседневный,1,футболка,фиолетовый,1099,u,демисезон
9,спортивный,1,футболка,фиолетовый,1099,u,зима
9,спортивный,1,футболка,фиолетовый,1099,u,лето
9,спортивный,1,футболка,фиолетовый,1099,u,демисезон
10,повседневный,1,футболка v-вырез,чёрный,849,u,зима
10,повседневный,1,футболка v-вырез,чёрный,849,u,лето
10,повседневный,1,футболка v-вырез,чёрный,849,u,демисезон
10,спортивный,1,футболка v-вырез,чёрный,849,u,зима
10,спортивный,1,футболка v-вырез,чёрный,849,u,лето
10,спортивный,1,футболка v-вырез,чёрный,849,u,демисезон
10,повседневный,1,футболка v-вырез,чёрный,849,u,зима
10,повседневный,1,футболка v-вырез,чёрный,849,u,лето
10,повседневный,1,футболка v-вырез,чёрный,849,u,демисезон
10,спортивный,1,футболка v-вырез,чёрный,849,u,зима
10,спортивный,1,футболка v-вырез,чёрный,849,u,лето
10,спортивный,1,футболка v-вырез,чёрный,849,u,демисезон
10,повседневный,1,футболка v-вырез,чёрный,849,u,зима
10,повседневный,1,футболка v-вырез,чёрный,849,u,лето
10,повседневный,1,футболка v-вырез,чёрный,849,u,демисезон
10,спортивный,1,футболка v-вырез,чёрный,849,u,зима
10,спортивный,1,футболка v-вырез,чёрный,849,u,лето
10,спортивный,1,футболка v-вырез,чёрный,849,u,демисезон
11,повседневный,1,футболка без рукавов,медный,1199,u,зима
11,повседневный,1,футболка без рукавов,медный,1199,u,лето
11,повседневный,1,футболка без рукавов,медный,1199,u,демисезон
11,спортивный,1,футболка без рукавов,медный,1199,u,зима
11,спортивный,1,футболка без рукавов,медный,1199,u,лето
11,спортивный,1,футболка без рукавов,медный,1199,u,демисезон
11,повседневный,1,футболка без рукавов,медный,1199,u,зима
11,повседневный,1,футболка без рукавов,медный,1199,u,лето
11,повседневный,1,футболка без рукавов,медный,1199,u,демисезон
11,спортивный,1,футболка без рукавов,медный,1199,u,зима
11,спортивный,1,футболка без рукавов,медный,1199,u,лето
11,спортивный,1,футболка без рукавов,медный,1199,u,демисезон
11,повседневный,1,футболка без рукавов,медный,1199,u,зима
11,повседневный,1,футболка без рукавов,медный,1199,u,лето
11,повседневный,1,футболка без рукавов,медный,1199,u,демисезон
11,спортивный,1,футболка без рукавов,медный,1199,u,зима
11,спортивный,1,футболка без рукавов,медный,1199,u,лето
11,спортивный,1,футболка без рукавов,медный,1199,u,демисезон
12,классический,1,блуза без рукавов,чёрный,1149,f,зима
12,классический,1,блуза без рукавов,чёрный,1149,f,лето
12,классический,1,блуза без рукавов,чёрный,1149,f,демисезон
12,вечерний,1,блуза без рукавов,чёрный,1149,f,зима
12,вечерний,1,блуза без рукавов,чёрный,1149,f,лето
12,вечерний,1,блуза без рукавов,чёрный,1149,f,демисезон
12,классический,1,блуза без рукавов,чёрный,1149,f,зима
12,классический,1,блуза без рукавов,чёрный,1149,f,лето
12,классический,1,блуза без рукавов,чёрный,1149,f,демисезон
12,вечерний,1,блуза без рукавов,чёрный,1149,f,зима
12,вечерний,1,блуза без рукавов,чёрный,1149,f,лето
12,вечерний,1,блуза без рукавов,чёрный,1149,f,демисезон
12,классический,1,блуза без рукавов,чёрный,1149,f,зима
12,классический,1,блуза без рукавов,чёрный,1149,f,лето
12,классический,1,блуза без рукавов,чёрный,1149,f,демисезон
12,вечерний,1,блуза без рукавов,чёрный,1149,f,зима
12,вечерний,1,блуза без рукавов,чёрный,1149,f,лето
12,вечерний,1,блуза без рукавов,чёрный,1149,f,демисезон
13,классический,1,блуза без рукавов,красный,1549,f,зима
13,классический,1,блуза без рукавов,красный,1549,f,лето
13,классический,1,блуза без рукавов,красный,1549,f,демисезон
13,вечерний,1,блуза без рукавов,красный,1549,f,зима
13,вечерний,1,блуза без рукавов,красный,1549,f,лето
13,вечерний,1,блуза без рукавов,красный,1549,f,демисезон
13,классический,1,блуза без рукавов,красный,1549,f,зима
13,классический,1,блуза без рукавов,красный,1549,f,лето
13,классический,1,блуза без рукавов,красный,1549,f,демисезон
13,вечерний,1,блуза без рукавов,красный,1549,f,зима
13,вечерний,1,блуза без рукавов,красный,1549,f,лето
13,вечерний,1,блуза без рукавов,красный,1549,f,демисезон
13,классический,1,блуза без рукавов,красный,1549,f,зима
13,классический,1,блуза без рукавов,красный,1549,f,лето
13,классический,1,блуза без рукавов,красный,1549,f,демисезон
13,вечерний,1,блуза без рукавов,красный,1549,f,зима
13,вечерний,1,блуза без рукавов,красный,1549,f,лето
13,вечерний,1,блуза без рукавов,красный,1549,f,демисезон
14,классический,1,блуза,оливково-зелёный,1349,f,зима
14,классический,1,блуза,оливково-зелёный,1349,f,лето
14,классический,1,блуза,оливково-зелёный,1349,f,демисезон
14,вечерний,1,блуза,оливково-зелёный,1349,f,зима
14,вечерний,1,блуза,оливково-зелёный,1349,f,лето
14,вечерний,1,блуза,оливково-зелёный,1349,f,демисезон
14,классический,1,блуза,оливково-зелёный,1349,f,зима
14,классический,1,блуза,оливково-зелёный,1349,f,лето
14,классический,1,блуза,оливково-зелёный,1349,f,демисезон
14,вечерний,1,блуза,оливково-зелёный,1349,f,зима
14,вечерний,1,блуза,оливково-зелёный,1349,f,лето
14,вечерний,1,блуза,оливково-зелёный,1349,f,демисезон
14,классический,1,блуза,оливково-зелёный,1349,f,зима
14,классический,1,блуза,оливково-зелёный,1349,f,лето
14,классический,1,блуза,оливково-зелёный,1349,f,демисезон
14,вечерний,1,блуза,оливково-зелёный,1349,f,зима
14,вечерний,1,блуза,оливково-зелёный,1349,f,лето
14,вечерний,1,блуза,оливково-зелёный,1349,f,демисезон
15,классический,1,блуза без пуговиц,фиолетовый,799,f,зима
15,классический,1,блуза без пуговиц,фиолетовый,799,f,лето
15,классический,1,блуза без пуговиц,фиолетовый,799,f,демисезон
15,вечерний,1,блуза без пуговиц,фиолетовый,799,f,зима
15,вечерний,1,блуза без пуговиц,фиолетовый,799,f,лето
15,вечерний,1,блуза без пуговиц,фиолетовый,799,f,демисезон
15,классический,1,блуза без пуговиц,фиолетовый,799,f,зима
15,классический,1,блуза без пуговиц,фиолетовый,799,f,лето
15,классический,1,блуза без пуговиц,фиолетовый,799,f,демисезон
15,вечерний,1,блуза без пуговиц,фиолетовый,799,f,зима
15,вечерний,1,блуза без пуговиц,фиолетовый,799,f,лето
15,вечерний,1,блуза без пуговиц,фиолетовый,799,f,демисезон
15,классический,1,блуза без пуговиц,фиолетовый,799,f,зима
15,классический,1,блуза без пуговиц,фиолетовый,799,f,лето
15,классический,1,блуза без пуговиц,фиолетовый,799,f,демисезон
15,вечерний,1,блуза без пуговиц,фиолетовый,799,f,зима
15,вечерний,1,блуза без пуговиц,фиолетовый,799,f,лето
15,вечерний,1,блуза без пуговиц,фиолетовый,799,f,демисезон
16,классический,1,блуза без пуговиц,желтый,1299,f,зима
16,классический,1,блуза без пуговиц,желтый,1299,f,лето
16,классический,1,блуза без пуговиц,желтый,1299,f,демисезон
16,вечерний,1,блуза без пуговиц,желтый,1299,f,зима
16,вечерний,1,блуза без пуговиц,желтый,1299,f,лето
16,вечерний,1,блуза без пуговиц,желтый,1299,f,демисезон
16,классический,1,блуза без пуговиц,желтый,1299,f,зима
16,классический,1,блуза без пуговиц,желтый,1299,f,лето
16,классический,1,блуза без пуговиц,желтый,1299,f,демисезон
16,вечерний,1,блуза без пуговиц,желтый,1299,f,зима
16,вечерний,1,блуза без пуговиц,желтый,1299,f,лето
16,вечерний,1,блуза без пуговиц,желтый,1299,f,демисезон
16,классический,1,блуза без пуговиц,желтый,1299,f,зима
16,классический,1,блуза без пуговиц,желтый,1299,f,лето
16,классический,1,блуза без пуговиц,желтый,1299,f,демисезон
16,вечерний,1,блуза без пуговиц,желтый,1299,f,зима
16,вечерний,1,блуза без пуговиц,желтый,1299,f,лето
16,вечерний,1,блуза без пуговиц,желтый,1299,f,демисезон
17,классический,1,водолазка без рукавов,желтый,849,u,зима
17,классический,1,водолазка без рукавов,желтый,849,u,лето
17,классический,1,водолазка без рукавов,желтый,849,u,демисезон
17,повседневный,1,водолазка без рукавов,желтый,849,u,зима
17,повседневный,1,водолазка без рукавов,желтый,849,u,лето
17,повседневный,1,водолазка без рукавов,желтый,849,u,демисезон
17,классический,1,водолазка без рукавов,желтый,849,u,зима
17,классический,1,водолазка без рукавов,желтый,849,u,лето
17,классический,1,водолазка без рукавов,желтый,849,u,демисезон
17,повседневный,1,водолазка без рукавов,желтый,849,u,зима
17,повседневный,1,водолазка без рукавов,желтый,849,u,лето
17,повседневный,1,водолазка без рукавов,желтый,849,u,демисезон
17,классический,1,водолазка без рукавов,желтый,849,u,зима
17,классический,1,водолазка без рукавов,желтый,849,u,лето
17,классический,1,водолазка без рукавов,желтый,849,u,демисезон
17,повседневный,1,водолазка без рукавов,желтый,849,u,зима
17,повседневный,1,водолазка без рукавов,желтый,849,u,лето
17,повседневный,1,водолазка без рукавов,желтый,849,u,демисезон
18,классический,1,водолазка с коротким рукавом,сине-зеленый,1149,u,зима
18,классический,1,водолазка с коротким рукавом,сине-зеленый,1149,u,демисезон
18,повседневный,1,водолазка с коротким рукавом,сине-зеленый,1149,u,зима
18,повседневный,1,водолазка с коротким рукавом,сине-зеленый,1149,u,демисезон
18,классический,1,водолазка с коротким рукавом,сине-зеленый,1149,u,зима
18,классический,1,водолазка с коротким рукавом,сине-зеленый,1149,u,демисезон
18,повседневный,1,водолазка с коротким рукавом,сине-зеленый,1149,u,зима
18,повседневный,1,водолазка с коротким рукавом,сине-зеленый,1149,u,демисезон
19,классический,1,водолазка с коротким рукавом,синий,1149,u,зима
19,классический,1,водолазка с коротким рукавом,синий,1149,u,демисезон
19,повседневный,1,водолазка с коротким рукавом,синий,1149,u,зима
19,повседневный,1,водолазка с коротким рукавом,синий,1149,u,демисезон
19,классический,1,водолазка с коротким рукавом,синий,1149,u,зима
19,классический,1,водолазка с коротким рукавом,синий,1149,u,демисезон
19,повседневный,1,водолазка с коротким рукавом,синий,1149,u,зима
19,повседневный,1,водолазка с коротким рукавом,синий,1149,u,демисезон
20,повседневный,1,лонгслив,оливково-зелёный,899,u,зима
20,повседневный,1,лонгслив,оливково-зелёный,899,u,лето
20,повседневный,1,лонгслив,оливково-зелёный,899,u,демисезон
20,повседневный,1,лонгслив,оливково-зелёный,899,u,зима
20,повседневный,1,лонгслив,оливково-зелёный,899,u,лето
20,повседневный,1,лонгслив,оливково-зелёный,899,u,демисезон
20,повседневный,1,лонгслив,оливково-зелёный,899,u,зима
20,повседневный,1,лонгслив,оливково-зелёный,899,u,лето
20,повседневный,1,лонгслив,оливково-зелёный,899,u,демисезон
21,повседневный,1,майка,оливково-зелёный,949,u,зима
21,повседневный,1,майка,оливково-зелёный,949,u,лето
21,повседневный,1,майка,оливково-зелёный,949,u,демисезон
21,спортивный,1,майка,оливково-зелёный,949,u,зима
21,спортивный,1,майка,оливково-зелёный,949,u,лето
21,спортивный,1,майка,оливково-зелёный,949,u,демисезон
21,повседневный,1,майка,оливково-зелёный,949,u,зима
21,повседневный,1,майка,оливково-зелёный,949,u,лето
21,повседневный,1,майка,оливково-зелёный,949,u,демисезон
21,спортивный,1,майка,оливково-зелёный,949,u,зима
21,спортивный,1,майка,оливково-зелёный,949,u,лето
21,спортивный,1,майка,оливково-зелёный,949,u,демисезон
21,повседневный,1,майка,оливково-зелёный,949,u,зима
21,повседневный,1,майка,оливково-зелёный,949,u,лето
21,повседневный,1,майка,оливково-зелёный,949,u,демисезон
21,спортивный,1,майка,оливково-зелёный,949,u,зима
21,спортивный,1,майка,оливково-зелёный,949,u,лето
21,спортивный,1,майка,оливково-зелёный,949,u,демисезон
22,повседневный,1,майка,сине-зеленый,1099,u,зима
22,повседневный,1,майка,сине-зеленый,1099,u,лето
22,повседневный,1,майка,сине-зеленый,1099,u,демисезон
22,спортивный,1,майка,сине-зеленый,1099,u,зима
22,спортивный,1,майка,сине-зеленый,1099,u,лето
22,спортивный,1,майка,сине-зеленый,1099,u,демисезон
22,повседневный,1,майка,сине-зеленый,1099,u,зима
22,повседневный,1,майка,сине-зеленый,1099,u,лето
22,повседневный,1,майка,сине-зеленый,1099,u,демисезон
22,спортивный,1,майка,сине-зеленый,1099,u,зима
22,спортивный,1,майка,сине-зеленый,1099,u,лето
22,спортивный,1,майка,сине-зеленый,1099,u,демисезон
22,повседневный,1,майка,сине-зеленый,1099,u,зима
22,повседневный,1,майка,сине-зеленый,1099,u,лето
22,повседневный,1,майка,сине-зеленый,1099,u,демисезон
22,спортивный,1,майка,сине-зеленый,1099,u,зима
22,спортивный,1,майка,сине-зеленый,1099,u,лето
22,спортивный,1,майка,сине-зеленый,1099,u,демисезон
23,классический,1,боди-блуза,медный,1149,f,зима
23,классический,1,боди-блуза,медный,1149,f,лето
23,классический,1,боди-блуза,медный,1149,f,демисезон
23,вечерний,1,боди-блуза,медный,1149,f,зима
23,вечерний,1,боди-блуза,медный,1149,f,лето
23,вечерний,1,боди-блуза,медный,1149,f,демисезон
23,классический,1,боди-блуза,медный,1149,f,зима
23,классический,1,боди-блуза,медный,1149,f,лето
23,классический,1,боди-блуза,медный,1149,f,демисезон
23,вечерний,1,боди-блуза,медный,1149,f,зима
23,вечерний,1,боди-блуза,медный,1149,f,лето
23,вечерний,1,боди-блуза,медный,1149,f,демисезон
23,классический,1,боди-блуза,медный,1149,f,зима
23,классический,1,боди-блуза,медный,1149,f,лето
23,классический,1,боди-блуза,медный,1149,f,демисезон
23,вечерний,1,боди-блуза,медный,1149,f,зима
23,вечерний,1,боди-блуза,медный,1149,f,лето
23,вечерний,1,боди-блуза,медный,1149,f,демисезон
24,классический,1,боди-блуза,персиковый,1049,f,зима
24,классический,1,боди-блуза,персиковый,1049,f,лето
24,классический,1,боди-блуза,персиковый,1049,f,демисезон
24,вечерний,1,боди-блуза,персиковый,1049,f,зима
24,вечерний,1,боди-блуза,персиковый,1049,f,лето
24,вечерний,1,боди-блуза,персиковый,1049,f,демисезон
24,классический,1,боди-блуза,персиковый,1049,f,зима
24,классический,1,боди-блуза,персиковый,1049,f,лето
24,классический,1,боди-блуза,персиковый,1049,f,демисезон
24,вечерний,1,боди-блуза,персиковый,1049,f,зима
24,вечерний,1,боди-блуза,персиковый,1049,f,лето
24,вечерний,1,боди-блуза,персиковый,1049,f,демисезон
24,классический,1,боди-блуза,персиковый,1049,f,зима
24,классический,1,боди-блуза,персиковый,1049,f,лето
24,классический,1,боди-блуза,персиковый,1049,f,демисезон
24,вечерний,1,боди-блуза,персиковый,1049,f,зима
24,вечерний,1,боди-блуза,персиковый,1049,f,лето
24,вечерний,1,боди-блуза,персиковый,1049,f,демисезон
25,повседневный,1,боди-топ,голубой,999,f,зима
25,повседневный,1,боди-топ,голубой,999,f,лето
25,повседневный,1,боди-топ,голубой,999,f,демисезон
25,вечерний,1,боди-топ,голубой,999,f,зима
25,вечерний,1,боди-топ,голубой,999,f,лето
25,вечерний,1,боди-топ,голубой,999,f,демисезон
25,повседневный,1,боди-топ,голубой,999,f,зима
25,повседневный,1,боди-топ,голубой,999,f,лето
25,повседневный,1,боди-топ,голубой,999,f,демисезон
25,вечерний,1,боди-топ,голубой,999,f,зима
25,вечерний,1,боди-топ,голубой,999,f,лето
25,вечерний,1,боди-топ,голубой,999,f,демисезон
25,повседневный,1,боди-топ,голубой,999,f,зима
25,повседневный,1,боди-топ,голубой,999,f,лето
25,повседневный,1,боди-топ,голубой,999,f,демисезон
25,вечерний,1,боди-топ,голубой,999,f,зима
25,вечерний,1,боди-топ,голубой,999,f,лето
25,вечерний,1,боди-топ,голубой,999,f,демисезон
26,повседневный,2,худи,сине-зеленый,2599,u,зима
26,повседневный,2,худи,сине-зеленый,2599,u,лето
26,повседневный,2,худи,сине-зеленый,2599,u,демисезон
26,спортивный,2,худи,сине-зеленый,2599,u,зима
26,спортивный,2,худи,сине-зеленый,2599,u,лето
26,спортивный,2,худи,сине-зеленый,2599,u,демисезон
26,повседневный,2,худи,сине-зеленый,2599,u,зима
26,повседневный,2,худи,сине-зеленый,2599,u,лето
26,повседневный,2,худи,сине-зеленый,2599,u,демисезон
26,спортивный,2,худи,сине-зеленый,2599,u,зима
26,спортивный,2,худи,сине-зеленый,2599,u,лето
26,спортивный,2,худи,сине-зеленый,2599,u,демисезон
26,повседневный,2,худи,сине-зеленый,2599,u,зима
26,повседневный,2,худи,сине-зеленый,2599,u,лето
26,повседневный,2,худи,сине-зеленый,2599,u,демисезон
26,спортивный,2,худи,сине-зеленый,2599,u,зима
26,спортивный,2,худи,сине-зеленый,2599,u,лето
26,спортивный,2,худи,сине-зеленый,2599,u,демисезон
27,повседневный,2,свитшот,коричневый,2199,u,зима
27,повседневный,2,свитшот,коричневый,2199,u,лето
27,повседневный,2,свитшот,коричневый,2199,u,демисезон
27,спортивный,2,свитшот,коричневый,2199,u,зима
27,спортивный,2,свитшот,коричневый,2199,u,лето
27,спортивный,2,свитшот,коричневый,2199,u,демисезон
27,повседневный,2,свитшот,коричневый,2199,u,зима
27,повседневный,2,свитшот,коричневый,2199,u,лето
27,повседневный,2,свитшот,коричневый,2199,u,демисезон
27,спортивный,2,свитшот,коричневый,2199,u,зима
27,спортивный,2,свитшот,коричневый,2199,u,лето
27,спортивный,2,свитшот,коричневый,2199,u,демисезон
27,повседневный,2,свитшот,коричневый,2199,u,зима
27,повседневный,2,свитшот,коричневый,2199,u,лето
27,повседневный,2,свитшот,коричневый,2199,u,демисезон
27,спортивный,2,свитшот,коричневый,2199,u,зима
27,спортивный,2,свитшот,коричневый,2199,u,лето
27,спортивный,2,свитшот,коричневый,2199,u,демисезон
28,повседневный,2,свитшот,голубой,2549,u,зима
28,повседневный,2,свитшот,голубой,2549,u,лето
28,повседневный,2,свитшот,голубой,2549,u,демисезон
28,спортивный,2,свитшот,голубой,2549,u,зима
28,спортивный,2,свитшот,голубой,2549,u,лето
28,спортивный,2,свитшот,голубой,2549,u,демисезон
28,повседневный,2,свитшот,голубой,2549,u,зима
28,повседневный,2,свитшот,голубой,2549,u,лето
28,повседневный,2,свитшот,голубой,2549,u,демисезон
28,спортивный,2,свитшот,голубой,2549,u,зима
28,спортивный,2,свитшот,голубой,2549,u,лето
28,спортивный,2,свитшот,голубой,2549,u,демисезон
28,повседневный,2,свитшот,голубой,2549,u,зима
28,повседневный,2,свитшот,голубой,2549,u,лето
28,повседневный,2,свитшот,голубой,2549,u,демисезон
28,спортивный,2,свитшот,голубой,2549,u,зима
28,спортивный,2,свитшот,голубой,2549,u,лето
28,спортивный,2,свитшот,голубой,2549,u,демисезон
29,повседневный,2,свитер,серый,1649,u,зима
29,повседневный,2,свитер,серый,1649,u,демисезон
29,спортивный,2,свитер,серый,1649,u,зима
29,спортивный,2,свитер,серый,1649,u,демисезон
29,повседневный,2,свитер,серый,1649,u,зима
29,повседневный,2,свитер,серый,1649,u,демисезон
29,спортивный,2,свитер,серый,1649,u,зима
29,спортивный,2,свитер,серый,1649,u,демисезон
30,повседневный,2,кардиган,красный,1899,u,зима
30,повседневный,2,кардиган,красный,1899,u,лето
30,повседневный,2,кардиган,красный,1899,u,демисезон
30,повседневный,2,кардиган,красный,1899,u,зима
30,повседневный,2,кардиган,красный,1899,u,лето
30,повседневный,2,кардиган,красный,1899,u,демисезон
30,повседневный,2,кардиган,красный,1899,u,зима
30,повседневный,2,кардиган,красный,1899,u,лето
30,повседневный,2,кардиган,красный,1899,u,демисезон
31,классический,2,пиджак,салатовый,2249,u,зима
31,классический,2,пиджак,салатовый,2249,u,лето
31,классический,2,пиджак,салатовый,2249,u,демисезон
31,вечерний,2,пиджак,салатовый,2249,u,зима
31,вечерний,2,пиджак,салатовый,2249,u,лето
31,вечерний,2,пиджак,салатовый,2249,u,демисезон
31,классический,2,пиджак,салатовый,2249,u,зима
31,классический,2,пиджак,салатовый,2249,u,лето
31,классический,2,пиджак,салатовый,2249,u,демисезон
31,вечерний,2,пиджак,салатовый,2249,u,зима
31,вечерний,2,пиджак,салатовый,2249,u,лето
31,вечерний,2,пиджак,салатовый,2249,u,демисезон
31,классический,2,пиджак,салатовый,2249,u,зима
31,классический,2,пиджак,салатовый,2249,u,лето
31,классический,2,пиджак,салатовый,2249,u,демисезон
31,вечерний,2,пиджак,салатовый,2249,u,зима
31,вечерний,2,пиджак,салатовый,2249,u,лето
31,вечерний,2,пиджак,салатовый,2249,u,демисезон
32,повседневный,2,кимоно,коричневый,2049,u,зима
32,повседневный,2,кимоно,коричневый,2049,u,лето
32,повседневный,2,кимоно,коричневый,2049,u,демисезон
32,вечерний,2,кимоно,коричневый,2049,u,зима
32,вечерний,2,кимоно,коричневый,2049,u,лето
32,вечерний,2,кимоно,коричневый,2049,u,демисезон
32,повседневный,2,кимоно,коричневый,2049,u,зима
32,повседневный,2,кимоно,коричневый,2049,u,лето
32,повседневный,2,кимоно,коричневый,2049,u,демисезон
32,вечерний,2,кимоно,коричневый,2049,u,зима
32,вечерний,2,кимоно,коричневый,2049,u,лето
32,вечерний,2,кимоно,коричневый,2049,u,демисезон
32,повседневный,2,кимоно,коричневый,2049,u,зима
32,повседневный,2,кимоно,коричневый,2049,u,лето
32,повседневный,2,кимоно,коричневый,2049,u,демисезон
32,вечерний,2,кимоно,коричневый,2049,u,зима
32,вечерний,2,кимоно,коричневый,2049,u,лето
32,вечерний,2,кимоно,коричневый,2049,u,демисезон
33,повседневный,2,кимоно,желтый,2049,u,зима
33,повседневный,2,кимоно,желтый,2049,u,лето
33,повседневный,2,кимоно,желтый,2049,u,демисезон
33,вечерний,2,кимоно,желтый,2049,u,зима
33,вечерний,2,кимоно,желтый,2049,u,лето
33,вечерний,2,кимоно,желтый,2049,u,демисезон
33,повседневный,2,кимоно,желтый,2049,u,зима
33,повседневный,2,кимоно,желтый,2049,u,лето
33,повседневный,2,кимоно,желтый,2049,u,демисезон
33,вечерний,2,кимоно,желтый,2049,u,зима
33,вечерний,2,кимоно,желтый,2049,u,лето
33,вечерний,2,кимоно,желтый,2049,u,демисезон
33,повседневный,2,кимоно,желтый,2049,u,зима
33,повседневный,2,кимоно,желтый,2049,u,лето
33,повседневный,2,кимоно,желтый,2049,u,демисезон
33,вечерний,2,кимоно,желтый,2049,u,зима
33,вечерний,2,кимоно,желтый,2049,u,лето
33,вечерний,2,кимоно,желтый,2049,u,демисезон
34,повседневный,2,жилет,горчичный,1849,u,зима
34,повседневный,2,жилет,горчичный,1849,u,лето
34,повседневный,2,жилет,горчичный,1849,u,демисезон
34,спортивный,2,жилет,горчичный,1849,u,зима
34,спортивный,2,жилет,горчичный,1849,u,лето
34,спортивный,2,жилет,горчичный,1849,u,демисезон
34,вечерний,2,жилет,горчичный,1849,u,зима
34,вечерний,2,жилет,горчичный,1849,u,лето
34,вечерний,2,жилет,горчичный,1849,u,демисезон
34,повседневный,2,жилет,горчичный,1849,u,зима
34,повседневный,2,жилет,горчичный,1849,u,лето
34,повседневный,2,жилет,горчичный,1849,u,демисезон
34,спортивный,2,жилет,горчичный,1849,u,зима
34,спортивный,2,жилет,горчичный,1849,u,лето
34,спортивный,2,жилет,горчичный,1849,u,демисезон
34,вечерний,2,жилет,горчичный,1849,u,зима
34,вечерний,2,жилет,горчичный,1849,u,лето
34,вечерний,2,жилет,горчичный,1849,u,демисезон
34,повседневный,2,жилет,горчичный,1849,u,зима
34,повседневный,2,жилет,горчичный,1849,u,лето
34,повседневный,2,жилет,горчичный,1849,u,демисезон
34,спортивный,2,жилет,горчичный,1849,u,зима
34,спортивный,2,жилет,горчичный,1849,u,лето
34,спортивный,2,жилет,горчичный,1849,u,демисезон
34,вечерний,2,жилет,горчичный,1849,u,зима
34,вечерний,2,жилет,горчичный,1849,u,лето
34,вечерний,2,жилет,горчичный,1849,u,демисезон
35,повседневный,2,жилет,персиковый,1899,u,зима
35,повседневный,2,жилет,персиковый,1899,u,лето
35,повседневный,2,жилет,персиковый,1899,u,демисезон
35,спортивный,2,жилет,персиковый,1899,u,зима
35,спортивный,2,жилет,персиковый,1899,u,лето
35,спортивный,2,жилет,персиковый,1899,u,демисезон
35,вечерний,2,жилет,персиковый,1899,u,зима
35,вечерний,2,жилет,персиковый,1899,u,лето
35,вечерний,2,жилет,персиковый,1899,u,демисезон
35,повседневный,2,жилет,персиковый,1899,u,зима
35,повседневный,2,жилет,персиковый,1899,u,лето
35,повседневный,2,жилет,персиковый,1899,u,демисезон
35,спортивный,2,жилет,персиковый,1899,u,зима
35,спортивный,2,жилет,персиковый,1899,u,лето
35,спортивный,2,жилет,персиковый,1899,u,демисезон
35,вечерний,2,жилет,персиковый,1899,u,зима
35,вечерний,2,жилет,персиковый,1899,u,лето
35,вечерний,2,жилет,персиковый,1899,u,демисезон
35,повседневный,2,жилет,персиковый,1899,u,зима
35,повседневный,2,жилет,персиковый,1899,u,лето
35,повседневный,2,жилет,персиковый,1899,u,демисезон
35,спортивный,2,жилет,персиковый,1899,u,зима
35,спортивный,2,жилет,персиковый,1899,u,лето
35,спортивный,2,жилет,персиковый,1899,u,демисезон
35,вечерний,2,жилет,персиковый,1899,u,зима
35,вечерний,2,жилет,персиковый,1899,u,лето
35,вечерний,2,жилет,персиковый,1899,u,демисезон
36,вечерний,2,болеро,серый,1749,f,зима
36,вечерний,2,болеро,серый,1749,f,лето
36,вечерний,2,болеро,серый,1749,f,демисезон
36,вечерний,2,болеро,серый,1749,f,зима
36,вечерний,2,болеро,серый,1749,f,лето
36,вечерний,2,болеро,серый,1749,f,демисезон
36,вечерний,2,болеро,серый,1749,f,зима
36,вечерний,2,болеро,серый,1749,f,лето
36,вечерний,2,болеро,серый,1749,f,демисезон
37,вечерний,2,болеро,красный,1749,f,зима
37,вечерний,2,болеро,красный,1749,f,лето
37,вечерний,2,болеро,красный,1749,f,демисезон
37,вечерний,2,болеро,красный,1749,f,зима
37,вечерний,2,болеро,красный,1749,f,лето
37,вечерний,2,болеро,красный,1749,f,демисезон
37,вечерний,2,болеро,красный,1749,f,зима
37,вечерний,2,болеро,красный,1749,f,лето
37,вечерний,2,болеро,красный,1749,f,демисезон
38,повседневный,2,рубашка кожанная,коричневый,1649,u,зима
38,повседневный,2,рубашка кожанная,коричневый,1649,u,лето
38,повседневный,2,рубашка кожанная,коричневый,1649,u,демисезон
38,повседневный,2,рубашка кожанная,коричневый,1649,u,зима
38,повседневный,2,рубашка кожанная,коричневый,1649,u,лето
38,повседневный,2,рубашка кожанная,коричневый,1649,u,демисезон
38,повседневный,2,рубашка кожанная,коричневый,1649,u,зима
38,повседневный,2,рубашка кожанная,коричневый,1649,u,лето
38,повседневный,2,рубашка кожанная,коричневый,1649,u,демисезон
39,повседневный,2,рубашка кожанная,бежевый,2199,u,зима
39,повседневный,2,рубашка кожанная,бежевый,2199,u,лето
39,повседневный,2,рубашка кожанная,бежевый,2199,u,демисезон
39,повседневный,2,рубашка кожанная,бежевый,2199,u,зима
39,повседневный,2,рубашка кожанная,бежевый,2199,u,лето
39,повседневный,2,рубашка кожанная,бежевый,2199,u,демисезон
39,повседневный,2,рубашка кожанная,бежевый,2199,u,зима
39,повседневный,2,рубашка кожанная,бежевый,2199,u,лето
39,повседневный,2,рубашка кожанная,бежевый,2199,u,демисезон
41,повседневный,3,брюки,оливково-зелёный,2649,u,зима
41,повседневный,3,брюки,оливково-зелёный,2649,u,демисезон
41,классический,3,брюки,оливково-зелёный,2649,u,зима
41,классический,3,брюки,оливково-зелёный,2649,u,демисезон
42,классический,3,брюки,коричневый,2949,u,лето
42,классический,3,брюки,коричневый,2949,u,зима
42,классический,3,брюки,коричневый,2949,u,демисезон
42,классический,3,брюки,коричневый,2949,u,лето
42,классический,3,брюки,коричневый,2949,u,зима
42,классический,3,брюки,коричневый,2949,u,демисезон
42,повседневный,3,брюки,коричневый,2949,u,лето
42,повседневный,3,брюки,коричневый,2949,u,зима
42,повседневный,3,брюки,коричневый,2949,u,демисезон
43,повседневный,3,леггинсы,медный,2849,f,зима
43,повседневный,3,леггинсы,медный,2849,f,лето
43,повседневный,3,леггинсы,медный,2849,f,демисезон
43,спортивный,3,леггинсы,медный,2849,f,зима
43,спортивный,3,леггинсы,медный,2849,f,лето
43,спортивный,3,леггинсы,медный,2849,f,демисезон
43,повседневный,3,леггинсы,медный,2849,f,зима
43,повседневный,3,леггинсы,медный,2849,f,лето
43,повседневный,3,леггинсы,медный,2849,f,демисезон
43,спортивный,3,леггинсы,медный,2849,f,зима
43,спортивный,3,леггинсы,медный,2849,f,лето
43,спортивный,3,леггинсы,медный,2849,f,демисезон
43,повседневный,3,леггинсы,медный,2849,f,зима
43,повседневный,3,леггинсы,медный,2849,f,лето
43,повседневный,3,леггинсы,медный,2849,f,демисезон
43,спортивный,3,леггинсы,медный,2849,f,зима
43,спортивный,3,леггинсы,медный,2849,f,лето
43,спортивный,3,леггинсы,медный,2849,f,демисезон
44,повседневный,3,шорты,сиреневый,2249,u,лето
44,спортивный,3,шорты,сиреневый,2249,u,лето
45,повседневный,3,шорты,фиолетовый,3099,u,лето
45,спортивный,3,шорты,фиолетовый,3099,u,лето
46,повседневный,3,сарафан,серый,2949,f,лето
47,классический,3,сарафан,белый,2649,f,зима
48,вечерний,3,комбенизон с брюками,медный,2399,u,лето
49,повседневный,3,бриджи,сиреневый,2699,u,лето
49,вечерний,3,бриджи,сиреневый,2699,u,лето
50,повседневный,3,бриджи,горчичный,2999,u,лето
50,вечерний,3,бриджи,горчичный,2999,u,лето
51,повседневный,3,капри,сиреневый,1999,f,лето
52,вечерний,3,комбенизон с шортами,оливково-зелёный,2599,u,зима
53,повседневный,3,велосипедки,оливково-зелёный,1999,f,лето
53,спортивный,3,велосипедки,оливково-зелёный,1999,f,лето
54,повседневный,3,велосипедки,голубой,2249,f,лето
54,спортивный,3,велосипедки,голубой,2249,f,лето
55,повседневный,4,платье,фиолетовый,2149,f,лето
56,вечерний,4,платье,красный,1949,f,зима
57,повседневный,5,платье-рубашка,фиолетовый,2849,f,лето
58,повседневный,5,платье-свитер,оливково-зелёный,2499,f,зима
58,повседневный,5,платье-свитер,оливково-зелёный,2499,f,демисезон
58,повседневный,5,платье-свитер,оливково-зелёный,2499,f,зима
58,повседневный,5,платье-свитер,оливково-зелёный,2499,f,демисезон
59,повседневный,5,платье-пиджак,оливково-зелёный,2499,f,зима
59,повседневный,5,платье-пиджак,оливково-зелёный,2499,f,лето
59,повседневный,5,платье-пиджак,оливково-зелёный,2499,f,демисезон
59,вечерний,5,платье-пиджак,оливково-зелёный,2499,f,зима
59,вечерний,5,платье-пиджак,оливково-зелёный,2499,f,лето
59,вечерний,5,платье-пиджак,оливково-зелёный,2499,f,демисезон
59,повседневный,5,платье-пиджак,оливково-зелёный,2499,f,зима
59,повседневный,5,платье-пиджак,оливково-зелёный,2499,f,лето
59,повседневный,5,платье-пиджак,оливково-зелёный,2499,f,демисезон
59,вечерний,5,платье-пиджак,оливково-зелёный,2499,f,зима
59,вечерний,5,платье-пиджак,оливково-зелёный,2499,f,лето
59,вечерний,5,платье-пиджак,оливково-зелёный,2499,f,демисезон
59,повседневный,5,платье-пиджак,оливково-зелёный,2499,f,зима
59,повседневный,5,платье-пиджак,оливково-зелёный,2499,f,лето
59,повседневный,5,платье-пиджак,оливково-зелёный,2499,f,демисезон
59,вечерний,5,платье-пиджак,оливково-зелёный,2499,f,зима
59,вечерний,5,платье-пиджак,оливково-зелёный,2499,f,лето
59,вечерний,5,платье-пиджак,оливково-зелёный,2499,f,демисезон
60,повседневный,5,платье-пиджак,медный,2449,f,зима
60,повседневный,5,платье-пиджак,медный,2449,f,лето
60,повседневный,5,платье-пиджак,медный,2449,f,демисезон
60,вечерний,5,платье-пиджак,медный,2449,f,зима
60,вечерний,5,платье-пиджак,медный,2449,f,лето
60,вечерний,5,платье-пиджак,медный,2449,f,демисезон
60,повседневный,5,платье-пиджак,медный,2449,f,зима
60,повседневный,5,платье-пиджак,медный,2449,f,лето
60,повседневный,5,платье-пиджак,медный,2449,f,демисезон
60,вечерний,5,платье-пиджак,медный,2449,f,зима
60,вечерний,5,платье-пиджак,медный,2449,f,лето
60,вечерний,5,платье-пиджак,медный,2449,f,демисезон
60,повседневный,5,платье-пиджак,медный,2449,f,зима
60,повседневный,5,платье-пиджак,медный,2449,f,лето
60,повседневный,5,платье-пиджак,медный,2449,f,демисезон
60,вечерний,5,платье-пиджак,медный,2449,f,зима
60,вечерний,5,платье-пиджак,медный,2449,f,лето
60,вечерний,5,платье-пиджак,медный,2449,f,демисезон
61,повседневный,6,колготки теплые,оливково-зелёный,199,f,зима
61,вечерний,6,колготки теплые,оливково-зелёный,199,f,зима
61,классический,6,колготки теплые,оливково-зелёный,199,f,зима
62,повседневный,6,колготки теплые,персиковый,249,f,зима
62,вечерний,6,колготки теплые,персиковый,249,f,зима
62,классический,6,колготки теплые,персиковый,249,f,зима
64,вечерний,7,колготки капроновые,голубой,549,f,демисезон
64,классический,7,колготки капроновые,голубой,549,f,демисезон
65,повседневный,7,кальсоны,чёрный,599,m,зима
65,повседневный,7,кальсоны,чёрный,599,m,демисезон
65,спортивный,7,кальсоны,чёрный,599,m,зима
65,спортивный,7,кальсоны,чёрный,599,m,демисезон
65,классический,7,кальсоны,чёрный,599,m,зима
65,классический,7,кальсоны,чёрный,599,m,демисезон
65,вечерний,7,кальсоны,чёрный,599,m,зима
65,вечерний,7,кальсоны,чёрный,599,m,демисезон
65,повседневный,7,кальсоны,чёрный,599,m,зима
65,повседневный,7,кальсоны,чёрный,599,m,демисезон
65,спортивный,7,кальсоны,чёрный,599,m,зима
65,спортивный,7,кальсоны,чёрный,599,m,демисезон
65,классический,7,кальсоны,чёрный,599,m,зима
65,классический,7,кальсоны,чёрный,599,m,демисезон
65,вечерний,7,кальсоны,чёрный,599,m,зима
65,вечерний,7,кальсоны,чёрный,599,m,демисезон
66,повседневный,7,кальсоны,коричневый,399,m,зима
66,повседневный,7,кальсоны,коричневый,399,m,демисезон
66,спортивный,7,кальсоны,коричневый,399,m,зима
66,спортивный,7,кальсоны,коричневый,399,m,демисезон
66,классический,7,кальсоны,коричневый,399,m,зима
66,классический,7,кальсоны,коричневый,399,m,демисезон
66,вечерний,7,кальсоны,коричневый,399,m,зима
66,вечерний,7,кальсоны,коричневый,399,m,демисезон
66,повседневный,7,кальсоны,коричневый,399,m,зима
66,повседневный,7,кальсоны,коричневый,399,m,демисезон
66,спортивный,7,кальсоны,коричневый,399,m,зима
66,спортивный,7,кальсоны,коричневый,399,m,демисезон
66,классический,7,кальсоны,коричневый,399,m,зима
66,классический,7,кальсоны,коричневый,399,m,демисезон
66,вечерний,7,кальсоны,коричневый,399,m,зима
66,вечерний,7,кальсоны,коричневый,399,m,демисезон
67,повседневный,7,лосины,оливково-зелёный,499,f,зима
67,повседневный,7,лосины,оливково-зелёный,499,f,демисезон
67,спортивный,7,лосины,оливково-зелёный,499,f,зима
67,спортивный,7,лосины,оливково-зелёный,499,f,демисезон
67,вечерний,7,лосины,оливково-зелёный,499,f,зима
67,вечерний,7,лосины,оливково-зелёный,499,f,демисезон
67,повседневный,7,лосины,оливково-зелёный,499,f,зима
67,повседневный,7,лосины,оливково-зелёный,499,f,демисезон
67,спортивный,7,лосины,оливково-зелёный,499,f,зима
67,спортивный,7,лосины,оливково-зелёный,499,f,демисезон
67,вечерний,7,лосины,оливково-зелёный,499,f,зима
67,вечерний,7,лосины,оливково-зелёный,499,f,демисезон
68,повседневный,7,гетры,салатовый,649,f,зима
68,повседневный,7,гетры,салатовый,649,f,демисезон
68,спортивный,7,гетры,салатовый,649,f,зима
68,спортивный,7,гетры,салатовый,649,f,демисезон
68,повседневный,7,гетры,салатовый,649,f,зима
68,повседневный,7,гетры,салатовый,649,f,демисезон
68,спортивный,7,гетры,салатовый,649,f,зима
68,спортивный,7,гетры,салатовый,649,f,демисезон
70,повседневный,8,сапоги,синий,1949,u,зима
71,повседневный,8,сапоги,персиковый,2599,u,зима
72,повседневный,8,лоферы,сиреневый,3699,u,демисезон
72,вечерний,8,лоферы,сиреневый,3699,u,демисезон
72,классический,8,лоферы,сиреневый,3699,u,демисезон
73,повседневный,8,сандалии,сиреневый,2749,u,лето
73,спортивный,8,сандалии,сиреневый,2749,u,лето
74,повседневный,8,сандалии,синий,3099,u,лето
74,спортивный,8,сандалии,синий,3099,u,лето
75,повседневный,8,балетки с круглым носом,салатовый,1899,f,лето
75,вечерний,8,балетки с круглым носом,салатовый,1899,f,лето
75,классический,8,балетки с круглым носом,салатовый,1899,f,лето
76,повседневный,8,балетки с круглым носом,бежевый,3799,f,лето
76,вечерний,8,балетки с круглым носом,бежевый,3799,f,лето
76,классический,8,балетки с круглым носом,бежевый,3799,f,лето
77,повседневный,8,балетки с острым носом,салатовый,4849,f,лето
77,вечерний,8,балетки с острым носом,салатовый,4849,f,лето
77,классический,8,балетки с острым носом,салатовый,4849,f,лето
78,повседневный,8,балетки с острым носом,красный,4699,f,лето
78,вечерний,8,балетки с острым носом,красный,4699,f,лето
78,классический,8,балетки с острым носом,красный,4699,f,лето
79,повседневный,8,высокие ботильоны,оливково-зелёный,4549,f,зима
79,повседневный,8,высокие ботильоны,оливково-зелёный,4549,f,демисезон
79,вечерний,8,высокие ботильоны,оливково-зелёный,4549,f,зима
79,вечерний,8,высокие ботильоны,оливково-зелёный,4549,f,демисезон
79,классический,8,высокие ботильоны,оливково-зелёный,4549,f,зима
79,классический,8,высокие ботильоны,оливково-зелёный,4549,f,демисезон
79,повседневный,8,высокие ботильоны,оливково-зелёный,4549,f,зима
79,повседневный,8,высокие ботильоны,оливково-зелёный,4549,f,демисезон
79,вечерний,8,высокие ботильоны,оливково-зелёный,4549,f,зима
79,вечерний,8,высокие ботильоны,оливково-зелёный,4549,f,демисезон
79,классический,8,высокие ботильоны,оливково-зелёный,4549,f,зима
79,классический,8,высокие ботильоны,оливково-зелёный,4549,f,демисезон
80,повседневный,8,высокие ботильоны,красный,2149,f,зима
80,повседневный,8,высокие ботильоны,красный,2149,f,демисезон
80,вечерний,8,высокие ботильоны,красный,2149,f,зима
80,вечерний,8,высокие ботильоны,красный,2149,f,демисезон
80,классический,8,высокие ботильоны,красный,2149,f,зима
80,классический,8,высокие ботильоны,красный,2149,f,демисезон
80,повседневный,8,высокие ботильоны,красный,2149,f,зима
80,повседневный,8,высокие ботильоны,красный,2149,f,демисезон
80,вечерний,8,высокие ботильоны,красный,2149,f,зима
80,вечерний,8,высокие ботильоны,красный,2149,f,демисезон
80,классический,8,высокие ботильоны,красный,2149,f,зима
80,классический,8,высокие ботильоны,красный,2149,f,демисезон
81,повседневный,8,низкие ботильоны,бежевый,2949,f,зима
81,повседневный,8,низкие ботильоны,бежевый,2949,f,демисезон
81,вечерний,8,низкие ботильоны,бежевый,2949,f,зима
81,вечерний,8,низкие ботильоны,бежевый,2949,f,демисезон
81,классический,8,низкие ботильоны,бежевый,2949,f,зима
81,классический,8,низкие ботильоны,бежевый,2949,f,демисезон
81,повседневный,8,низкие ботильоны,бежевый,2949,f,зима
81,повседневный,8,низкие ботильоны,бежевый,2949,f,демисезон
81,вечерний,8,низкие ботильоны,бежевый,2949,f,зима
81,вечерний,8,низкие ботильоны,бежевый,2949,f,демисезон
81,классический,8,низкие ботильоны,бежевый,2949,f,зима
81,классический,8,низкие ботильоны,бежевый,2949,f,демисезон
82,повседневный,8,ботильоны с квадратным носом,чёрный,1849,f,зима
82,повседневный,8,ботильоны с квадратным носом,чёрный,1849,f,демисезон
82,вечерний,8,ботильоны с квадратным носом,чёрный,1849,f,зима
82,вечерний,8,ботильоны с квадратным носом,чёрный,1849,f,демисезон
82,классический,8,ботильоны с квадратным носом,чёрный,1849,f,зима
82,классический,8,ботильоны с квадратным носом,чёрный,1849,f,демисезон
82,повседневный,8,ботильоны с квадратным носом,чёрный,1849,f,зима
82,повседневный,8,ботильоны с квадратным носом,чёрный,1849,f,демисезон
82,вечерний,8,ботильоны с квадратным носом,чёрный,1849,f,зима
82,вечерний,8,ботильоны с квадратным носом,чёрный,1849,f,демисезон
82,классический,8,ботильоны с квадратным носом,чёрный,1849,f,зима
82,классический,8,ботильоны с квадратным носом,чёрный,1849,f,демисезон
83,повседневный,8,ботильоны с круглым носом,серый,3549,f,зима
83,повседневный,8,ботильоны с круглым носом,серый,3549,f,демисезон
83,вечерний,8,ботильоны с круглым носом,серый,3549,f,зима
83,вечерний,8,ботильоны с круглым носом,серый,3549,f,демисезон
83,классический,8,ботильоны с круглым носом,серый,3549,f,зима
83,классический,8,ботильоны с круглым носом,серый,3549,f,демисезон
83,повседневный,8,ботильоны с круглым носом,серый,3549,f,зима
83,повседневный,8,ботильоны с круглым носом,серый,3549,f,демисезон
83,вечерний,8,ботильоны с круглым носом,серый,3549,f,зима
83,вечерний,8,ботильоны с круглым носом,серый,3549,f,демисезон
83,классический,8,ботильоны с круглым носом,серый,3549,f,зима
83,классический,8,ботильоны с круглым носом,серый,3549,f,демисезон
84,повседневный,8,ботильоны с открытым носом,сине-зеленый,3949,f,лето
84,вечерний,8,ботильоны с открытым носом,сине-зеленый,3949,f,лето
85,спортивный,8,высокие ботинки,серый,3899,u,зима
86,спортивный,8,высокие ботинки,бежевый,3699,u,демисезон
87,спортивный,8,низкие ботинки,фиолетовый,3899,u,зима
88,вечерний,8,низкие ботинки,белый,4099,u,зима
89,повседневный,8,оксфорды,коричневый,1899,u,демисезон
89,вечерний,8,оксфорды,коричневый,1899,u,демисезон
89,классический,8,оксфорды,коричневый,1899,u,демисезон
90,повседневный,8,оксфорды,персиковый,3649,u,демисезон
90,вечерний,8,оксфорды,персиковый,3649,u,демисезон
90,классический,8,оксфорды,персиковый,3649,u,демисезон
91,повседневный,8,казаки,синий,4149,u,демисезон
91,вечерний,8,казаки,синий,4149,u,демисезон
92,повседневный,8,мокасины,оливково-зелёный,4399,u,лето
92,вечерний,8,мокасины,оливково-зелёный,4399,u,лето
92,классический,8,мокасины,оливково-зелёный,4399,u,лето
93,повседневный,8,мокасины,сине-зеленый,4099,u,лето
93,вечерний,8,мокасины,сине-зеленый,4099,u,лето
93,классический,8,мокасины,сине-зеленый,4099,u,лето
94,повседневный,8,галоши,чёрный,4049,u,лето
94,повседневный,8,галоши,чёрный,4049,u,демисезон
94,повседневный,8,галоши,чёрный,4049,u,лето
94,повседневный,8,галоши,чёрный,4049,u,демисезон
95,повседневный,8,сабо,желтый,4899,u,лето
95,вечерний,8,сабо,желтый,4899,u,лето
96,повседневный,8,полусапоги,салатовый,2149,u,демисезон
96,вечерний,8,полусапоги,салатовый,2149,u,демисезон
96,классический,8,полусапоги,салатовый,2149,u,демисезон
97,повседневный,8,мюли,оливково-зелёный,2949,f,лето
97,вечерний,8,мюли,оливково-зелёный,2949,f,лето
98,повседневный,8,мюли,фиолетовый,2299,f,лето
98,вечерний,8,мюли,фиолетовый,2299,f,лето
99,повседневный,8,валенки,медный,2449,u,зима
100,повседневный,8,валенки,горчичный,4349,u,зима
101,повседневный,8,дутики,синий,3449,f,зима
102,повседневный,8,унты,серый,3599,u,зима
103,повседневный,8,унты,горчичный,3399,u,зима
104,повседневный,8,угги,оливково-зелёный,2649,f,зима
105,повседневный,8,угги,серый,3149,f,зима
106,спортивный,8,низкие слипоны,сиреневый,2599,u,лето
107,спортивный,8,низкие слипоны,серый,2349,u,лето
108,повседневный,8,закрытые туфли,салатовый,2749,u,демисезон
108,вечерний,8,закрытые туфли,салатовый,2749,u,демисезон
108,классический,8,закрытые туфли,салатовый,2749,u,демисезон
109,повседневный,8,туфли с открытой стопой,голубой,1899,f,лето
109,вечерний,8,туфли с открытой стопой,голубой,1899,f,лето
109,классический,8,туфли с открытой стопой,голубой,1899,f,лето
110,вечерний,8,монки,серый,2899,m,демисезон
110,классический,8,монки,серый,2899,m,демисезон
111,вечерний,8,туфли с открытым носом,серый,4699,f,лето
112,вечерний,8,туфли с открытым носом,персиковый,3099,f,лето
113,вечерний,8,туфли с открытой пяткой,серый,4049,f,лето
114,повседневный,8,эспадрильи,коричневый,4999,u,лето
115,повседневный,8,эспадрильи,красный,3699,u,лето
116,спортивный,8,бутсы,медный,4249,m,лето
117,спортивный,8,бутсы,бежевый,4849,m,лето
118,повседневный,9,шопер,желтый,799,u,зима
118,повседневный,9,шопер,желтый,799,u,лето
118,повседневный,9,шопер,желтый,799,u,демисезон
118,повседневный,9,шопер,желтый,799,u,зима
118,повседневный,9,шопер,желтый,799,u,лето
118,повседневный,9,шопер,желтый,799,u,демисезон
118,повседневный,9,шопер,желтый,799,u,зима
118,повседневный,9,шопер,желтый,799,u,лето
118,повседневный,9,шопер,желтый,799,u,демисезон
119,повседневный,9,сумка большая,бежевый,1549,u,зима
119,повседневный,9,сумка большая,бежевый,1549,u,лето
119,повседневный,9,сумка большая,бежевый,1549,u,демисезон
119,спортивный,9,сумка большая,бежевый,1549,u,зима
119,спортивный,9,сумка большая,бежевый,1549,u,лето
119,спортивный,9,сумка большая,бежевый,1549,u,демисезон
119,классический,9,сумка большая,бежевый,1549,u,зима
119,классический,9,сумка большая,бежевый,1549,u,лето
119,классический,9,сумка большая,бежевый,1549,u,демисезон
119,повседневный,9,сумка большая,бежевый,1549,u,зима
119,повседневный,9,сумка большая,бежевый,1549,u,лето
119,повседневный,9,сумка большая,бежевый,1549,u,демисезон
119,спортивный,9,сумка большая,бежевый,1549,u,зима
119,спортивный,9,сумка большая,бежевый,1549,u,лето
119,спортивный,9,сумка большая,бежевый,1549,u,демисезон
119,классический,9,сумка большая,бежевый,1549,u,зима
119,классический,9,сумка большая,бежевый,1549,u,лето
119,классический,9,сумка большая,бежевый,1549,u,демисезон
119,повседневный,9,сумка большая,бежевый,1549,u,зима
119,повседневный,9,сумка большая,бежевый,1549,u,лето
119,повседневный,9,сумка большая,бежевый,1549,u,демисезон
119,спортивный,9,сумка большая,бежевый,1549,u,зима
119,спортивный,9,сумка большая,бежевый,1549,u,лето
119,спортивный,9,сумка большая,бежевый,1549,u,демисезон
119,классический,9,сумка большая,бежевый,1549,u,зима
119,классический,9,сумка большая,бежевый,1549,u,лето
119,классический,9,сумка большая,бежевый,1549,u,демисезон
120,вечерний,9,портфель,фиолетовый,699,u,зима
120,вечерний,9,портфель,фиолетовый,699,u,лето
120,вечерний,9,портфель,фиолетовый,699,u,демисезон
120,классический,9,портфель,фиолетовый,699,u,зима
120,классический,9,портфель,фиолетовый,699,u,лето
120,классический,9,портфель,фиолетовый,699,u,демисезон
120,вечерний,9,портфель,фиолетовый,699,u,зима
120,вечерний,9,портфель,фиолетовый,699,u,лето
120,вечерний,9,портфель,фиолетовый,699,u,демисезон
120,классический,9,портфель,фиолетовый,699,u,зима
120,классический,9,портфель,фиолетовый,699,u,лето
120,классический,9,портфель,фиолетовый,699,u,демисезон
120,вечерний,9,портфель,фиолетовый,699,u,зима
120,вечерний,9,портфель,фиолетовый,699,u,лето
120,вечерний,9,портфель,фиолетовый,699,u,демисезон
120,классический,9,портфель,фиолетовый,699,u,зима
120,классический,9,портфель,фиолетовый,699,u,лето
120,классический,9,портфель,фиолетовый,699,u,демисезон
121,вечерний,9,портфель,желтый,1549,u,зима
121,вечерний,9,портфель,желтый,1549,u,лето
121,вечерний,9,портфель,желтый,1549,u,демисезон
121,классический,9,портфель,желтый,1549,u,зима
121,классический,9,портфель,желтый,1549,u,лето
121,классический,9,портфель,желтый,1549,u,демисезон
121,вечерний,9,портфель,желтый,1549,u,зима
121,вечерний,9,портфель,желтый,1549,u,лето
121,вечерний,9,портфель,желтый,1549,u,демисезон
121,классический,9,портфель,желтый,1549,u,зима
121,классический,9,портфель,желтый,1549,u,лето
121,классический,9,портфель,желтый,1549,u,демисезон
121,вечерний,9,портфель,желтый,1549,u,зима
121,вечерний,9,портфель,желтый,1549,u,лето
121,вечерний,9,портфель,желтый,1549,u,демисезон
121,классический,9,портфель,желтый,1549,u,зима
121,классический,9,портфель,желтый,1549,u,лето
121,классический,9,портфель,желтый,1549,u,демисезон
122,вечерний,9,клатч,горчичный,1799,u,зима
122,вечерний,9,клатч,горчичный,1799,u,лето
122,вечерний,9,клатч,горчичный,1799,u,демисезон
122,вечерний,9,клатч,горчичный,1799,u,зима
122,вечерний,9,клатч,горчичный,1799,u,лето
122,вечерний,9,клатч,горчичный,1799,u,демисезон
122,вечерний,9,клатч,горчичный,1799,u,зима
122,вечерний,9,клатч,горчичный,1799,u,лето
122,вечерний,9,клатч,горчичный,1799,u,демисезон
124,повседневный,10,очки,бежевый,299,u,зима
124,повседневный,10,очки,бежевый,299,u,лето
124,повседневный,10,очки,бежевый,299,u,демисезон
124,вечерний,10,очки,бежевый,299,u,зима
124,вечерний,10,очки,бежевый,299,u,лето
124,вечерний,10,очки,бежевый,299,u,демисезон
124,классический,10,очки,бежевый,299,u,зима
124,классический,10,очки,бежевый,299,u,лето
124,классический,10,очки,бежевый,299,u,демисезон
124,повседневный,10,очки,бежевый,299,u,зима
124,повседневный,10,очки,бежевый,299,u,лето
124,повседневный,10,очки,бежевый,299,u,демисезон
124,вечерний,10,очки,бежевый,299,u,зима
124,вечерний,10,очки,бежевый,299,u,лето
124,вечерний,10,очки,бежевый,299,u,демисезон
124,классический,10,очки,бежевый,299,u,зима
124,классический,10,очки,бежевый,299,u,лето
124,классический,10,очки,бежевый,299,u,демисезон
124,повседневный,10,очки,бежевый,299,u,зима
124,повседневный,10,очки,бежевый,299,u,лето
124,повседневный,10,очки,бежевый,299,u,демисезон
124,вечерний,10,очки,бежевый,299,u,зима
124,вечерний,10,очки,бежевый,299,u,лето
124,вечерний,10,очки,бежевый,299,u,демисезон
124,классический,10,очки,бежевый,299,u,зима
124,классический,10,очки,бежевый,299,u,лето
124,классический,10,очки,бежевый,299,u,демисезон
126,повседневный,11,шапка,сине-зеленый,1449,u,зима
126,повседневный,11,шапка,сине-зеленый,1449,u,демисезон
126,спортивный,11,шапка,сине-зеленый,1449,u,зима
126,спортивный,11,шапка,сине-зеленый,1449,u,демисезон
126,повседневный,11,шапка,сине-зеленый,1449,u,зима
126,повседневный,11,шапка,сине-зеленый,1449,u,демисезон
126,спортивный,11,шапка,сине-зеленый,1449,u,зима
126,спортивный,11,шапка,сине-зеленый,1449,u,демисезон
127,повседневный,11,шапка,чёрный,599,u,зима
127,повседневный,11,шапка,чёрный,599,u,демисезон
127,спортивный,11,шапка,чёрный,599,u,зима
127,спортивный,11,шапка,чёрный,599,u,демисезон
127,повседневный,11,шапка,чёрный,599,u,зима
127,повседневный,11,шапка,чёрный,599,u,демисезон
127,спортивный,11,шапка,чёрный,599,u,зима
127,спортивный,11,шапка,чёрный,599,u,демисезон
128,вечерний,11,берет,чёрный,749,u,демисезон
128,классический,11,берет,чёрный,749,u,демисезон
129,вечерний,11,берет,персиковый,399,u,демисезон
129,классический,11,берет,персиковый,399,u,демисезон
130,повседневный,11,платок,коричневый,1549,u,зима
130,повседневный,11,платок,коричневый,1549,u,демисезон
130,классический,11,платок,коричневый,1549,u,зима
130,классический,11,платок,коричневый,1549,u,демисезон
130,вечерний,11,платок,коричневый,1549,u,зима
130,вечерний,11,платок,коричневый,1549,u,демисезон
130,повседневный,11,платок,коричневый,1549,u,зима
130,повседневный,11,платок,коричневый,1549,u,демисезон
130,классический,11,платок,коричневый,1549,u,зима
130,классический,11,платок,коричневый,1549,u,демисезон
130,вечерний,11,платок,коричневый,1549,u,зима
130,вечерний,11,платок,коричневый,1549,u,демисезон
131,повседневный,11,платок,желтый,1899,u,зима
131,повседневный,11,платок,желтый,1899,u,демисезон
131,классический,11,платок,желтый,1899,u,зима
131,классический,11,платок,желтый,1899,u,демисезон
131,вечерний,11,платок,желтый,1899,u,зима
131,вечерний,11,платок,желтый,1899,u,демисезон
131,повседневный,11,платок,желтый,1899,u,зима
131,повседневный,11,платок,желтый,1899,u,демисезон
131,классический,11,платок,желтый,1899,u,зима
131,классический,11,платок,желтый,1899,u,демисезон
131,вечерний,11,платок,желтый,1899,u,зима
131,вечерний,11,платок,желтый,1899,u,демисезон
132,вечерний,11,шляпа,салатовый,1499,u,демисезон
132,классический,11,шляпа,салатовый,1499,u,демисезон
133,повседневный,11,балаклава,желтый,1549,u,зима
133,повседневный,11,балаклава,желтый,1549,u,демисезон
133,спортивный,11,балаклава,желтый,1549,u,зима
133,спортивный,11,балаклава,желтый,1549,u,демисезон
133,повседневный,11,балаклава,желтый,1549,u,зима
133,повседневный,11,балаклава,желтый,1549,u,демисезон
133,спортивный,11,балаклава,желтый,1549,u,зима
133,спортивный,11,балаклава,желтый,1549,u,демисезон
134,повседневный,11,балаклава,красный,1549,u,зима
134,повседневный,11,балаклава,красный,1549,u,демисезон
134,спортивный,11,балаклава,красный,1549,u,зима
134,спортивный,11,балаклава,красный,1549,u,демисезон
134,повседневный,11,балаклава,красный,1549,u,зима
134,повседневный,11,балаклава,красный,1549,u,демисезон
134,спортивный,11,балаклава,красный,1549,u,зима
134,спортивный,11,балаклава,красный,1549,u,демисезон
135,спортивный,11,повязка,оливково-зелёный,1649,u,зима
137,повседневный,12,тренч,фиолетовый,9949,u,демисезон
137,спортивный,12,тренч,фиолетовый,9949,u,демисезон
137,классический,12,тренч,фиолетовый,9949,u,демисезон
137,вечерний,12,тренч,фиолетовый,9949,u,демисезон
138,повседневный,12,тренч,медный,6099,u,демисезон
138,спортивный,12,тренч,медный,6099,u,демисезон
138,классический,12,тренч,медный,6099,u,демисезон
138,вечерний,12,тренч,медный,6099,u,демисезон
139,повседневный,12,плащ,коричневый,9149,u,демисезон
139,спортивный,12,плащ,коричневый,9149,u,демисезон
139,классический,12,плащ,коричневый,9149,u,демисезон
139,вечерний,12,плащ,коричневый,9149,u,демисезон
140,повседневный,12,плащ,красный,10049,u,демисезон
140,спортивный,12,плащ,красный,10049,u,демисезон
140,классический,12,плащ,красный,10049,u,демисезон
140,вечерний,12,плащ,красный,10049,u,демисезон
141,повседневный,12,пуховик,бежевый,7149,u,зима
141,спортивный,12,пуховик,бежевый,7149,u,зима
141,классический,12,пуховик,бежевый,7149,u,зима
141,вечерний,12,пуховик,бежевый,7149,u,зима
142,повседневный,12,пальто,сиреневый,6299,u,зима
142,повседневный,12,пальто,сиреневый,6299,u,демисезон
142,классический,12,пальто,сиреневый,6299,u,зима
142,классический,12,пальто,сиреневый,6299,u,демисезон
142,вечерний,12,пальто,сиреневый,6299,u,зима
142,вечерний,12,пальто,сиреневый,6299,u,демисезон
142,повседневный,12,пальто,сиреневый,6299,u,зима
142,повседневный,12,пальто,сиреневый,6299,u,демисезон
142,классический,12,пальто,сиреневый,6299,u,зима
142,классический,12,пальто,сиреневый,6299,u,демисезон
142,вечерний,12,пальто,сиреневый,6299,u,зима
142,вечерний,12,пальто,сиреневый,6299,u,демисезон
143,повседневный,12,бомбер,бежевый,8149,u,лето
143,повседневный,12,бомбер,бежевый,8149,u,демисезон
143,спортивный,12,бомбер,бежевый,8149,u,лето
143,спортивный,12,бомбер,бежевый,8149,u,демисезон
143,повседневный,12,бомбер,бежевый,8149,u,лето
143,повседневный,12,бомбер,бежевый,8149,u,демисезон
143,спортивный,12,бомбер,бежевый,8149,u,лето
143,спортивный,12,бомбер,бежевый,8149,u,демисезон
144,повседневный,12,бомбер,синий,5899,u,лето
144,повседневный,12,бомбер,синий,5899,u,демисезон
144,спортивный,12,бомбер,синий,5899,u,лето
144,спортивный,12,бомбер,синий,5899,u,демисезон
144,повседневный,12,бомбер,синий,5899,u,лето
144,повседневный,12,бомбер,синий,5899,u,демисезон
144,спортивный,12,бомбер,синий,5899,u,лето
144,спортивный,12,бомбер,синий,5899,u,демисезон
145,классический,12,шуба,горчичный,9649,u,зима
145,вечерний,12,шуба,горчичный,9649,u,зима
146,классический,12,шуба,желтый,6199,u,зима
146,вечерний,12,шуба,желтый,6199,u,зима
147,повседневный,12,дубленка,желтый,6649,u,зима
147,классический,12,дубленка,желтый,6649,u,зима
147,вечерний,12,дубленка,желтый,6649,u,зима
148,повседневный,12,анорак,сиреневый,6399,u,лето
148,спортивный,12,анорак,сиреневый,6399,u,лето
149,повседневный,12,жилет,сине-зеленый,4399,u,зима
149,повседневный,12,жилет,сине-зеленый,4399,u,лето
149,повседневный,12,жилет,сине-зеленый,4399,u,демисезон
149,спортивный,12,жилет,сине-зеленый,4399,u,зима
149,спортивный,12,жилет,сине-зеленый,4399,u,лето
149,спортивный,12,жилет,сине-зеленый,4399,u,демисезон
149,вечерний,12,жилет,сине-зеленый,4399,u,зима
149,вечерний,12,жилет,сине-зеленый,4399,u,лето
149,вечерний,12,жилет,сине-зеленый,4399,u,демисезон
149,повседневный,12,жилет,сине-зеленый,4399,u,зима
149,повседневный,12,жилет,сине-зеленый,4399,u,лето
149,повседневный,12,жилет,сине-зеленый,4399,u,демисезон
149,спортивный,12,жилет,сине-зеленый,4399,u,зима
149,спортивный,12,жилет,сине-зеленый,4399,u,лето
149,спортивный,12,жилет,сине-зеленый,4399,u,демисезон
149,вечерний,12,жилет,сине-зеленый,4399,u,зима
149,вечерний,12,жилет,сине-зеленый,4399,u,лето
149,вечерний,12,жилет,сине-зеленый,4399,u,демисезон
149,повседневный,12,жилет,сине-зеленый,4399,u,зима
149,повседневный,12,жилет,сине-зеленый,4399,u,лето
149,повседневный,12,жилет,сине-зеленый,4399,u,демисезон
149,спортивный,12,жилет,сине-зеленый,4399,u,зима
149,спортивный,12,жилет,сине-зеленый,4399,u,лето
149,спортивный,12,жилет,сине-зеленый,4399,u,демисезон
149,вечерний,12,жилет,сине-зеленый,4399,u,зима
149,вечерний,12,жилет,сине-зеленый,4399,u,лето
149,вечерний,12,жилет,сине-зеленый,4399,u,демисезон
150,повседневный,12,пончо,сине-зеленый,7099,u,лето
151,повседневный,12,косуха,желтый,7999,u,лето
153,повседневный,13,шарф,коричневый,899,u,зима
153,повседневный,13,шарф,коричневый,899,u,демисезон
153,спортивный,13,шарф,коричневый,899,u,зима
153,спортивный,13,шарф,коричневый,899,u,демисезон
153,классический,13,шарф,коричневый,899,u,зима
153,классический,13,шарф,коричневый,899,u,демисезон
153,вечерний,13,шарф,коричневый,899,u,зима
153,вечерний,13,шарф,коричневый,899,u,демисезон
153,повседневный,13,шарф,коричневый,899,u,зима
153,повседневный,13,шарф,коричневый,899,u,демисезон
153,спортивный,13,шарф,коричневый,899,u,зима
153,спортивный,13,шарф,коричневый,899,u,демисезон
153,классический,13,шарф,коричневый,899,u,зима
153,классический,13,шарф,коричневый,899,u,демисезон
153,вечерний,13,шарф,коричневый,899,u,зима
153,вечерний,13,шарф,коричневый,899,u,демисезон
154,повседневный,13,платок,белый,749,u,зима
154,повседневный,13,платок,белый,749,u,демисезон
154,классический,13,платок,белый,749,u,зима
154,классический,13,платок,белый,749,u,демисезон
154,вечерний,13,платок,белый,749,u,зима
154,вечерний,13,платок,белый,749,u,демисезон
154,повседневный,13,платок,белый,749,u,зима
154,повседневный,13,платок,белый,749,u,демисезон
154,классический,13,платок,белый,749,u,зима
154,классический,13,платок,белый,749,u,демисезон
154,вечерний,13,платок,белый,749,u,зима
154,вечерний,13,платок,белый,749,u,демисезон
155,повседневный,13,платок,красный,1049,u,зима
155,повседневный,13,платок,красный,1049,u,демисезон
155,классический,13,платок,красный,1049,u,зима
155,классический,13,платок,красный,1049,u,демисезон
155,вечерний,13,платок,красный,1049,u,зима
155,вечерний,13,платок,красный,1049,u,демисезон
155,повседневный,13,платок,красный,1049,u,зима
155,повседневный,13,платок,красный,1049,u,демисезон
155,классический,13,платок,красный,1049,u,зима
155,классический,13,платок,красный,1049,u,демисезон
155,вечерний,13,платок,красный,1049,u,зима
155,вечерний,13,платок,красный,1049,u,демисезон
156,повседневный,13,манишка,медный,1299,u,зима
156,повседневный,13,манишка,медный,1299,u,демисезон
156,спортивный,13,манишка,медный,1299,u,зима
156,спортивный,13,манишка,медный,1299,u,демисезон
156,классический,13,манишка,медный,1299,u,зима
156,классический,13,манишка,медный,1299,u,демисезон
156,повседневный,13,манишка,медный,1299,u,зима
156,повседневный,13,манишка,медный,1299,u,демисезон
156,спортивный,13,манишка,медный,1299,u,зима
156,спортивный,13,манишка,медный,1299,u,демисезон
156,классический,13,манишка,медный,1299,u,зима
156,классический,13,манишка,медный,1299,u,демисезон
157,повседневный,13,манишка,бежевый,449,u,зима
157,повседневный,13,манишка,бежевый,449,u,демисезон
157,спортивный,13,манишка,бежевый,449,u,зима
157,спортивный,13,манишка,бежевый,449,u,демисезон
157,классический,13,манишка,бежевый,449,u,зима
157,классический,13,манишка,бежевый,449,u,демисезон
157,повседневный,13,манишка,бежевый,449,u,зима
157,повседневный,13,манишка,бежевый,449,u,демисезон
157,спортивный,13,манишка,бежевый,449,u,зима
157,спортивный,13,манишка,бежевый,449,u,демисезон
157,классический,13,манишка,бежевый,449,u,зима
157,классический,13,манишка,бежевый,449,u,демисезон
159,повседневный,14,перчатки,сине-зеленый,699,u,зима
159,повседневный,14,перчатки,сине-зеленый,699,u,демисезон
159,спортивный,14,перчатки,сине-зеленый,699,u,зима
159,спортивный,14,перчатки,сине-зеленый,699,u,демисезон
159,классический,14,перчатки,сине-зеленый,699,u,зима
159,классический,14,перчатки,сине-зеленый,699,u,демисезон
159,вечерний,14,перчатки,сине-зеленый,699,u,зима
159,вечерний,14,перчатки,сине-зеленый,699,u,демисезон
159,повседневный,14,перчатки,сине-зеленый,699,u,зима
159,повседневный,14,перчатки,сине-зеленый,699,u,демисезон
159,спортивный,14,перчатки,сине-зеленый,699,u,зима
159,спортивный,14,перчатки,сине-зеленый,699,u,демисезон
159,классический,14,перчатки,сине-зеленый,699,u,зима
159,классический,14,перчатки,сине-зеленый,699,u,демисезон
159,вечерний,14,перчатки,сине-зеленый,699,u,зима
159,вечерний,14,перчатки,сине-зеленый,699,u,демисезон
160,повседневный,14,перчатки,персиковый,899,u,зима
160,повседневный,14,перчатки,персиковый,899,u,демисезон
160,спортивный,14,перчатки,персиковый,899,u,зима
160,спортивный,14,перчатки,персиковый,899,u,демисезон
160,классический,14,перчатки,персиковый,899,u,зима
160,классический,14,перчатки,персиковый,899,u,демисезон
160,вечерний,14,перчатки,персиковый,899,u,зима
160,вечерний,14,перчатки,персиковый,899,u,демисезон
160,повседневный,14,перчатки,персиковый,899,u,зима
160,повседневный,14,перчатки,персиковый,899,u,демисезон
160,спортивный,14,перчатки,персиковый,899,u,зима
160,спортивный,14,перчатки,персиковый,899,u,демисезон
160,классический,14,перчатки,персиковый,899,u,зима
160,классический,14,перчатки,персиковый,899,u,демисезон
160,вечерний,14,перчатки,персиковый,899,u,зима
160,вечерний,14,перчатки,персиковый,899,u,демисезон
161,повседневный,14,варежки,горчичный,899,u,зима
161,повседневный,14,варежки,горчичный,899,u,демисезон
161,спортивный,14,варежки,горчичный,899,u,зима
161,спортивный,14,варежки,горчичный,899,u,демисезон
161,классический,14,варежки,горчичный,899,u,зима
161,классический,14,варежки,горчичный,899,u,демисезон
161,повседневный,14,варежки,горчичный,899,u,зима
161,повседневный,14,варежки,горчичный,899,u,демисезон
161,спортивный,14,варежки,горчичный,899,u,зима
161,спортивный,14,варежки,горчичный,899,u,демисезон
161,классический,14,варежки,горчичный,899,u,зима
161,классический,14,варежки,горчичный,899,u,демисезон
162,повседневный,14,варежки,красный,499,u,зима
162,повседневный,14,варежки,красный,499,u,демисезон
162,спортивный,14,варежки,красный,499,u,зима
162,спортивный,14,варежки,красный,499,u,демисезон
162,классический,14,варежки,красный,499,u,зима
162,классический,14,варежки,красный,499,u,демисезон
162,повседневный,14,варежки,красный,499,u,зима
162,повседневный,14,варежки,красный,499,u,демисезон
162,спортивный,14,варежки,красный,499,u,зима
162,спортивный,14,варежки,красный,499,u,демисезон
162,классический,14,варежки,красный,499,u,зима
162,классический,14,варежки,красный,499,u,демисезон
163,повседневный,14,митенки,желтый,1049,u,зима
